63,50,2,0.09375,0,0.046875,0,0.078125,0,0.078125,0,0.0625,0,0.0625,0,0.0625,0,0.046875,0,0.078125,0,0.0625,0,0.046875,0.266667,0.0625,0,0.0625,0,0.09375,0.4,0.03125,0,0.078125,0,0.046875,0,0.0625,0,0.0625,0,0.0625,0,0.078125,0,0.0625,0,0.046875,0,0.078125,0,0.078125,0,0.0625,0,0.09375,0,0.0625,0,0.046875,0,0.078125,0,0.078125,0,0.078125,0,0.109375,1.23709,0.078125,0,0.0625,0,0.03125,0,0.09375,0,0.078125,0,0.078125,0,0.078125,0,0.078125,0,0.0625,0.6,0.09375,0,0.0625,0,0.078125,0,0.0625,0,0.078125,0,0.09375,0.4,0.0625,0,0.046875,0.266667,
64,50,2,0.109375,0.266667,0.078125,0,0.0625,0,0.09375,0,0.0625,0,0.046875,0,0.0625,0,0.046875,0,0.046875,0,0.078125,0,0.078125,0,0.078125,0,0.109375,0.266667,0.046875,0,0.078125,0,0.078125,0,0.0625,0,0.046875,0,0.078125,0,0.09375,0.466667,0.078125,0,0.0625,0,0.078125,0.8,0.046875,0,0.0625,0,0.078125,0,0.09375,0.8,0.078125,0,0.078125,0,0.046875,0,0.078125,0,0.109375,0.866667,0.046875,0,0.09375,0,0.046875,0,0.046875,0,0.03125,0,0.078125,0,0.03125,0,0.0625,0,0.078125,0,0.09375,0,0.109375,0.266667,0.03125,0,0.046875,0,0.078125,0.866667,0.0625,0,0.0625,0,0.078125,0,0.03125,0,
65,50,2,0.046875,0,0.0625,0,0.078125,0,0.046875,0,0.0625,0,0.0625,0,0.0625,0,0.078125,0,0.0625,0,0.078125,0,0.078125,0,0.046875,0,0.0625,0,0.078125,0,0.046875,0,0.09375,0.2,0.078125,0,0.078125,0.666667,0.09375,0.2,0.09375,0,0.078125,0,0.03125,0,0.078125,0,0.078125,0,0.078125,0,0.078125,0,0.078125,0,0.078125,0,0.078125,1.12663,0.0625,0,0.078125,0,0.0625,0,0.0625,0,0.078125,0,0.078125,0,0.078125,0,0.0625,0,0.046875,0,0.046875,0,0.09375,0.2,0.09375,0.4,0.078125,0,0.0625,0,0.078125,0,0.09375,0.2,0.0625,0,0.046875,0,0.0625,0,0.078125,0,0.0625,0,
66,50,2,0.078125,0,0.078125,0,0.078125,0,0.078125,0.866667,0.078125,0,0.0625,0,0.078125,0,0.046875,0,0.0625,0,0.078125,0.666667,0.0625,0,0.078125,0,0.0625,0,0.078125,0.8,0.0625,0,0.0625,0,0.109375,0.866667,0.078125,0,0.078125,0,0.0625,0,0.0625,0,0.078125,0,0.078125,0.8,0.09375,0,0.078125,0,0.078125,0,0.078125,0,0.078125,0,0.0625,0,0.0625,0,0.0625,0,0.0625,0,0.0625,0,0.078125,0,0.0625,0,0.09375,0,0.0625,0,0.046875,0,0.09375,0,0.0625,0,0.0625,0,0.0625,0,0.078125,0,0.0625,0,0.0625,0,0.03125,0,0.078125,0,0.078125,0,0.09375,0,0.078125,0,
67,50,2,0.0625,0,0.078125,0,0.0625,0,0.0625,0,0.0625,0,0.0625,0,0.09375,0,0.078125,0,0.078125,0,0.0625,0,0.078125,0,0.0625,0,0.109375,0.4,0.078125,0,0.046875,0,0.046875,0,0.078125,0,0.078125,0,0.0625,0,0.09375,0,0.125,0.6,0.0625,0,0.0625,0,0.078125,0,0.0625,0,0.09375,0.733333,0.078125,0.8,0.078125,0,0.078125,0,0.078125,0,0.0625,0,0.046875,0,0.0625,0,0.0625,0,0.09375,0.266667,0.09375,0.9933,0.078125,0,0.078125,0,0.03125,0,0.0625,0,0.078125,0,0.0625,0,0.0625,0,0.09375,1.2647,0.0625,0,0.078125,0,0.046875,0,0.0625,0,0.0625,0,0.09375,0.266667,
68,50,2,0.046875,0,0.078125,0.533333,0.09375,0.866667,0.09375,0,0.0625,0,0.125,1.15425,0.046875,0,0.0625,0,0.109375,0.333333,0.078125,0,0.0625,0,0.03125,0,0.078125,0,0.109375,0.333333,0.046875,0,0.0625,0,0.078125,0,0.078125,0,0.0625,0,0.0625,0,0.046875,0,0.078125,0,0.0625,0,0.09375,0,0.046875,0,0.0625,0,0.078125,0,0.078125,0,0.09375,0,0.078125,0,0.078125,0,0.078125,0,0.0625,0,0.0625,0,0.09375,0,0.078125,0,0.09375,0,0.0625,0,0.078125,0,0.0625,0,0.0625,0,0.0625,0,0.0625,0,0.078125,0,0.0625,0,0.0625,0,0.0625,0.733333,0.09375,0,0.078125,0,0.0625,0,
69,50,2,0.0625,0,0.09375,0,0.078125,0.866667,0.046875,0,0.078125,0,0.078125,0,0.0625,0.533333,0.0625,0,0.0625,0,0.0625,0,0.09375,0,0.09375,0,0.0625,0,0.078125,0,0.078125,0,0.03125,0,0.078125,0,0.078125,0,0.078125,0,0.046875,0,0.078125,0,0.0625,0,0.0625,0,0.078125,0,0.0625,0,0.078125,0,0.078125,0,0.0625,0,0.0625,0,0.09375,0.266667,0.0625,0,0.0625,0,0.0625,0,0.078125,0,0.09375,0,0.078125,0,0.078125,0,0.078125,0,0.03125,0,0.0625,0,0.0625,0,0.046875,0,0.046875,0,0.109375,0.866667,0.0625,0,0.109375,0.866667,0.09375,0.866667,0.0625,0,0.0625,0,0.0625,0,
70,50,2,0.078125,0,0.0625,0,0.03125,0,0.046875,0,0.03125,0,0.078125,0.933333,0.078125,0,0.0625,0,0.078125,0,0.09375,0.133333,0.09375,0.2,0.078125,0,0.0625,0,0.09375,0,0.09375,0.133333,0.0625,0,0.0625,0,0.109375,0.8,0.078125,0,0.078125,0,0.0625,0,0.109375,0.816176,0.078125,0.733333,0.078125,0,0.078125,0,0.046875,0,0.046875,0,0.0625,0,0.0625,0,0.0625,0,0.0625,0,0.0625,0,0.09375,0,0.09375,0.866667,0.0625,0,0.078125,0,0.078125,0.733333,0.046875,0,0.078125,0,0.078125,0,0.078125,0,0.046875,0,0.078125,0,0.0625,0,0.078125,0.8,0.09375,0.933333,0.09375,0.666667,0.078125,0,0.0625,0,0.078125,0,
71,50,2,0.078125,0,0.046875,0,0.09375,0.133333,0.046875,0,0.09375,0,0.09375,0.988562,0.078125,0,0.0625,0,0.09375,0,0.0625,0,0.078125,0,0.0625,0,0.078125,1.20948,0.078125,0,0.0625,0,0.078125,0,0.09375,0,0.0625,0,0.046875,0,0.078125,0,0.0625,0,0.0625,0,0.0625,0,0.078125,0,0.0625,0,0.078125,0,0.125,0.533333,0.0625,0,0.078125,0,0.078125,0,0.046875,0,0.0625,0,0.078125,0,0.046875,0,0.078125,0,0.078125,0,0.078125,0,0.078125,0,0.0625,0,0.078125,0,0.046875,0,0.0625,0,0.078125,0,0.078125,0,0.078125,0.866667,0.0625,0,0.0625,0,0.09375,0,0.0625,0,0.078125,0,
72,50,2,0.078125,0,0.0625,0,0.0625,0,0.09375,0,0.0625,0,0.109375,0.4,0.0625,0,0.078125,0,0.046875,0,0.0625,0,0.09375,0.2,0.0625,0,0.0625,0,0.078125,0,0.046875,0,0.0625,0,0.0625,0,0.0625,0,0.03125,0,0.09375,0,0.078125,0,0.078125,0,0.078125,0,0.078125,0,0.046875,0,0.046875,0,0.09375,0.866667,0.0625,0,0.046875,0,0.046875,0,0.09375,0,0.078125,0,0.078125,0,0.0625,0,0.0625,0,0.0625,0,0.046875,0,0.078125,0,0.09375,0,0.078125,0,0.0625,0,0.078125,0,0.0625,0,0.09375,0,0.078125,0,0.078125,0,0.078125,0,0.0625,0,0.125,0.533333,0.0625,0,
73,50,2,0.0625,0,0.078125,0,0.0625,0,0.03125,0,0.046875,0,0.09375,0,0.09375,0,0.046875,0,0.078125,0.8,0.078125,0,0.0625,0,0.078125,0,0.078125,0,0.09375,0.899019,0.046875,0,0.046875,0,0.09375,0,0.078125,0,0.03125,0,0.0625,0,0.09375,0,0.0625,0,0.078125,0,0.078125,0,0.0625,0,0.078125,0,0.0625,0,0.09375,0,0.078125,0,0.078125,0,0.078125,0,0.078125,0,0.0625,0,0.0625,0,0.0625,0,0.125,0.466667,0.078125,0,0.046875,0,0.0625,0,0.0625,0,0.0625,0,0.0625,0,0.078125,0,0.078125,0,0.046875,0,0.109375,0.4,0.0625,0,0.125,1.31993,0.0625,0,0.09375,0.8,
74,50,2,0.09375,0.0666667,0.046875,0,0.0625,0,0.046875,0,0.0625,0,0.0625,0,0.03125,0,0.109375,0.333333,0.109375,0.333333,0.078125,0,0.078125,0.733333,0.078125,0,0.0625,0,0.078125,0,0.109375,0.866667,0.0625,0,0.046875,0,0.0625,0,0.078125,0,0.078125,0,0.09375,0,0.078125,0,0.0625,0,0.0625,0,0.078125,0,0.03125,0,0.0625,0,0.046875,0,0.0625,0,0.078125,0,0.0625,0,0.046875,0,0.09375,0,0.09375,0.0666667,0.0625,0,0.0625,0,0.046875,0,0.078125,0,0.078125,0,0.046875,0,0.09375,0.733333,0.09375,1.31351,0.09375,0,0.046875,0,0.03125,0,0.0625,0,0.0625,0,0.078125,0,0.0625,0,0.0625,0,
75,50,2,0.078125,0,0.0625,0,0.078125,0,0.078125,0,0.0625,0,0.0625,0,0.0625,0.666667,0.078125,0.733333,0.03125,0,0.046875,0,0.046875,0.333333,0.046875,0,0.078125,0,0.0625,0,0.078125,0,0.0625,0,0.0625,0,0.109375,0.333333,0.078125,1.15425,0.078125,0,0.09375,0.866667,0.078125,0,0.09375,0,0.0625,0,0.0625,0,0.109375,0.333333,0.078125,0,0.09375,0.8,0.09375,0,0.0625,0,0.046875,0,0.078125,0,0.046875,0,0.078125,0.666667,0.0625,0,0.0625,0,0.125,1.42588,0.078125,0.733333,0.09375,0,0.078125,0,0.09375,0,0.078125,0.8,0.078125,0,0.0625,0.8,0.0625,0,0.078125,0,0.046875,0,0.109375,0.8,0.046875,0,0.0625,0,
76,50,2,0.046875,0,0.09375,0,0.078125,0,0.078125,0,0.0625,0,0.09375,0.0666667,0.078125,0,0.0625,0,0.0625,0,0.0625,0,0.0625,0,0.09375,0,0.046875,0,0.09375,0.0666667,0.09375,0,0.0625,0,0.046875,0.866667,0.03125,0,0.046875,0,0.078125,0,0.0625,0,0.03125,0,0.078125,0,0.046875,0,0.0625,0,0.0625,0,0.078125,0,0.046875,0,0.09375,0,0.046875,0,0.046875,0,0.0625,0,0.109375,0.333333,0.0625,0,0.0625,0,0.0625,0,0.0625,0,0.0625,0,0.0625,0,0.0625,0,0.09375,0,0.0625,0,0.0625,0,0.046875,0,0.0625,0,0.0625,0,0.078125,0,0.078125,0,0.09375,0.666667,0.078125,0,
77,50,2,0.0625,0,0.046875,0.866667,0.09375,0.866667,0.0625,0,0.078125,0,0.09375,0.8,0.078125,0,0.078125,0,0.09375,0,0.078125,0,0.0625,0,0.09375,1.30708,0.078125,0,0.0625,0,0.09375,0,0.046875,0,0.109375,0.8,0.0625,0,0.109375,0.8,0.078125,0,0.0625,0,0.125,1.31993,0.0625,0,0.046875,0,0.0625,0.866667,0.09375,0.733333,0.078125,0,0.109375,1.09902,0.0625,0,0.09375,0,0.078125,0,0.0625,0,0.109375,0.2,0.0625,0,0.046875,0,0.09375,0,0.078125,0.6,0.109375,0.2,0.09375,0,0.0625,0,0.0625,0,0.078125,0,0.046875,0,0.078125,0,0.0625,0,0.09375,0,0.078125,0,0.078125,0,0.078125,0,0.078125,0,
78,50,2,0.046875,0.333333,0.09375,0.8,0.0625,0,0.078125,0.8,0.09375,0,0.0625,0,0.0625,0,0.0625,0,0.03125,0,0.0625,0,0.078125,0,0.046875,0,0.0625,0,0.078125,0,0.078125,0,0.0625,0,0.046875,0,0.0625,0,0.109375,0.977124,0.09375,1.20948,0.078125,0,0.109375,1.23709,0.046875,0,0.078125,0,0.046875,0,0.0625,0,0.078125,0.8,0.0625,0,0.125,0.466667,0.0625,0,0.078125,0,0.0625,0,0.078125,0,0.078125,0,0.078125,0,0.0625,0,0.09375,0,0.0625,0,0.0625,0,0.046875,0,0.078125,0,0.078125,0,0.109375,0.733333,0.0625,0.466667,0.046875,0,0.0625,0,0.09375,0,0.0625,0.666667,0.0625,0,0.046875,0,
79,50,2,0.046875,0,0.078125,0,0.0625,0,0.078125,0,0.078125,0,0.078125,0,0.0625,0,0.0625,0,0.09375,0,0.078125,0.8,0.046875,0,0.078125,0,0.0625,0.8,0.046875,0,0.0625,0,0.046875,0,0.078125,0,0.046875,0,0.0625,0,0.0625,0,0.09375,0.0666667,0.0625,0,0.0625,0,0.09375,0.666667,0.0625,0,0.125,0.866667,0.0625,0,0.0625,0,0.078125,1.09902,0.046875,0,0.0625,0,0.03125,0,0.109375,0.2,0.0625,0,0.078125,0,0.09375,0,0.078125,0,0.0625,0,0.03125,0,0.046875,0,0.078125,0,0.078125,0,0.0625,0,0.0625,0,0.03125,0,0.0625,0,0.046875,0,0.09375,0,0.078125,0,0.078125,0.6,
80,50,2,0.0625,0,0.0625,0,0.0625,0,0.078125,0,0.078125,0,0.046875,0,0.078125,0,0.109375,0,0.078125,0,0.09375,0,0.046875,0,0.09375,0,0.078125,0,0.046875,0,0.0625,0.866667,0.109375,0,0.078125,0.533333,0.09375,0.0666667,0.0625,0,0.0625,0,0.0625,0,0.078125,0,0.0625,0,0.0625,0,0.078125,0,0.046875,0,0.046875,0,0.078125,0,0.078125,0.8,0.078125,0.733333,0.0625,0,0.03125,0,0.078125,0,0.078125,0,0.0625,0,0.078125,0,0.0625,0,0.078125,0,0.0625,0,0.0625,0,0.125,1.2647,0.078125,0,0.09375,0,0.078125,0,0.0625,0,0.046875,0,0.078125,0,0.109375,0,0.078125,0,0.0625,0,
81,50,2,0.0625,0,0.09375,0,0.0625,0,0.078125,0,0.046875,0,0.109375,0,0.0625,0,0.09375,0,0.078125,0,0.0625,0,0.046875,0,0.0625,0,0.078125,0,0.0625,0,0.0625,0,0.078125,0,0.109375,0,0.03125,0,0.078125,0.533333,0.0625,0,0.078125,0,0.09375,0,0.078125,0,0.078125,0,0.0625,0,0.046875,0,0.078125,0,0.078125,0,0.0625,0,0.078125,0,0.109375,0,0.0625,0,0.0625,0,0.09375,0,0.140625,1.20948,0.046875,0,0.09375,0,0.078125,0,0.0625,0,0.0625,0,0.0625,0,0.0625,0,0.0625,0,0.078125,0,0.09375,0,0.078125,0,0.078125,0,0.0625,0,0.078125,0,0.09375,0,
82,50,2,0.0625,0,0.046875,0,0.078125,0,0.046875,0,0.0625,0,0.0625,0,0.109375,0.0666667,0.09375,0,0.0625,0,0.078125,0,0.078125,0,0.0625,0,0.078125,0,0.078125,0.6,0.0625,0,0.09375,0,0.078125,0,0.0625,0,0.046875,0,0.078125,0.733333,0.046875,0,0.03125,0,0.09375,0,0.09375,0.733333,0.03125,0,0.078125,0,0.09375,0.733333,0.0625,0.6,0.078125,0,0.0625,0.6,0.046875,0.266667,0.0625,0,0.078125,0.8,0.078125,0,0.0625,0,0.078125,0,0.078125,0,0.078125,0,0.078125,0,0.078125,0,0.0625,0,0.078125,0,0.09375,0,0.09375,0,0.0625,0,0.09375,0,0.0625,0.6,0.078125,0,0.09375,0,0.078125,1.09902,
83,50,2,0.078125,0,0.078125,0,0.078125,0,0.0625,0,0.078125,0,0.0625,0,0.0625,0,0.0625,0,0.078125,0,0.078125,0,0.078125,0,0.0625,0,0.078125,0,0.109375,0.855228,0.09375,0,0.109375,0,0.09375,0.666667,0.078125,0,0.09375,0,0.078125,0,0.0625,0,0.0625,0,0.09375,0,0.046875,0,0.078125,0,0.078125,0,0.078125,0,0.078125,0.666667,0.09375,0,0.0625,0,0.09375,0.866667,0.078125,0,0.0625,0,0.046875,0,0.0625,0.866667,0.0625,0,0.0625,0,0.078125,0,0.078125,0,0.109375,0,0.09375,0,0.078125,0,0.046875,0,0.0625,0,0.078125,0,0.09375,0,0.046875,0,0.078125,0,0.0625,0,0.09375,0.666667,
84,50,2,0.078125,0.733333,0.109375,0.733333,0.046875,0,0.09375,0,0.078125,0,0.109375,0.0666667,0.0625,0,0.0625,0,0.03125,0,0.078125,0,0.0625,0.866667,0.078125,0.466667,0.0625,0,0.046875,0,0.09375,0.666667,0.046875,0,0.078125,0,0.0625,0,0.03125,0,0.078125,0,0.0625,0,0.078125,0,0.046875,0,0.078125,0,0.0625,0,0.046875,0,0.09375,0,0.078125,0,0.078125,0,0.09375,0.8,0.0625,0,0.046875,0,0.078125,0,0.0625,0,0.0625,0,0.078125,0,0.078125,0,0.09375,0,0.125,0.466667,0.0625,0,0.078125,0,0.078125,0.466667,0.078125,0,0.0625,0.866667,0.0625,0,0.09375,0,0.03125,0,0.09375,0,0.078125,0,0.0625,0,
85,50,2,0.078125,0,0.0625,0,0.078125,0,0.078125,0,0.078125,0,0.0625,0,0.046875,0,0.0625,0,0.078125,0,0.078125,0,0.078125,0,0.0625,0,0.109375,0,0.09375,0.6,0.078125,0,0.0625,0,0.078125,0,0.0625,0,0.078125,0,0.078125,0,0.03125,0,0.0625,0,0.046875,0,0.09375,0.8,0.078125,0,0.078125,0,0.046875,0,0.09375,0,0.078125,0,0.046875,0,0.0625,0,0.078125,0,0.078125,0.866667,0.046875,0,0.046875,0,0.03125,0,0.078125,0,0.09375,0,0.078125,0,0.078125,0,0.078125,0,0.0625,0,0.078125,0,0.0625,0,0.0625,0,0.109375,0,0.03125,0,0.078125,0.8,0.046875,0,0.078125,0,
86,50,2,0.078125,0,0.078125,0.866667,0.078125,0,0.0625,0.866667,0.078125,0,0.0625,0,0.0625,0,0.0625,0,0.078125,0,0.078125,0,0.0625,0,0.0625,0,0.09375,0.8,0.0625,0,0.078125,0,0.0625,0,0.078125,0,0.078125,0,0.078125,0,0.0625,0,0.0625,0,0.078125,0,0.0625,0,0.03125,0,0.078125,0,0.078125,0,0.0625,0,0.078125,0,0.078125,0,0.09375,0,0.09375,0,0.078125,0,0.0625,0,0.09375,0,0.03125,0,0.078125,0.466667,0.046875,0,0.078125,0,0.09375,0,0.125,0.4,0.078125,0.466667,0.0625,0,0.0625,0,0.078125,0.733333,0.078125,0,0.078125,0,0.078125,0,0.0625,0,0.078125,0.866667,0.078125,0,
87,50,2,0.0625,0,0.0625,0,0.0625,0,0.09375,0,0.0625,0,0.078125,0,0.046875,0,0.078125,0,0.09375,1.12663,0.078125,0,0.109375,0,0.046875,0,0.078125,0.866667,0.0625,0,0.0625,0,0.0625,0,0.0625,0,0.0625,0,0.09375,1.0714,0.140625,1.11519,0.078125,0,0.03125,0,0.078125,0,0.078125,0,0.0625,0,0.046875,0,0.0625,0,0.078125,0,0.0625,0,0.09375,1.3316,0.078125,0,0.109375,0,0.078125,0,0.078125,0,0.09375,0,0.0625,0,0.0625,0,0.046875,0,0.0625,0,0.078125,0,0.0625,0,0.0625,0,0.0625,0,0.0625,0.8,0.078125,0,0.09375,0,0.078125,0.666667,0.09375,0,0.078125,0,0.09375,0.8,
88,50,2,0.078125,0,0.078125,0,0.0625,0,0.0625,0,0.078125,0,0.078125,0,0.046875,0,0.0625,0,0.078125,0,0.078125,0,0.140625,1.02091,0.125,0.333333,0.0625,0,0.078125,0.733333,0.0625,0,0.09375,0,0.03125,0,0.078125,0,0.09375,0,0.09375,0.4,0.09375,0,0.046875,0,0.078125,0,0.0625,0,0.0625,0,0.109375,0,0.0625,0,0.0625,0,0.078125,0,0.109375,0,0.09375,0.4,0.09375,0.4,0.078125,0,0.078125,0,0.109375,0.8,0.046875,0,0.078125,0,0.0625,0.866667,0.0625,0,0.078125,0,0.09375,0.4,0.046875,0,0.078125,0,0.09375,0.8,0.078125,0,0.078125,0,0.078125,0,0.0625,0,0.078125,0,0.046875,0,
89,50,2,0.078125,0,0.0625,0,0.078125,0,0.0625,0,0.078125,0,0.09375,0.466667,0.078125,0,0.078125,0,0.078125,0,0.078125,0,0.078125,0,0.0625,0,0.0625,0,0.0625,0,0.09375,1.05997,0.078125,0,0.0625,0,0.109375,0,0.03125,0,0.0625,0,0.078125,0,0.0625,0,0.078125,0,0.125,1.22565,0.09375,0,0.09375,0,0.0625,0,0.046875,0,0.078125,0,0.0625,0,0.09375,0,0.0625,0,0.078125,0.533333,0.078125,0,0.140625,0.926633,0.09375,0,0.0625,0,0.0625,0,0.078125,0.733333,0.078125,0,0.078125,0.666667,0.0625,0,0.0625,0,0.078125,0,0.078125,0,0.09375,0.6,0.0625,0.8,0.078125,0,0.09375,0.84379,0.109375,0,
90,50,2,0.078125,0,0.140625,0.832352,0.078125,0,0.078125,0.733333,0.078125,0,0.109375,0,0.078125,0,0.0625,0,0.0625,0,0.109375,0,0.0625,0,0.0625,0,0.078125,0,0.078125,0,0.078125,0,0.0625,0,0.0625,0,0.09375,0,0.078125,0,0.0625,0,0.09375,0,0.0625,0,0.109375,1.23066,0.078125,0.933333,0.09375,0.533333,0.09375,0,0.078125,0,0.046875,0,0.09375,0,0.0625,0,0.0625,0,0.03125,0,0.0625,0,0.078125,0,0.0625,0,0.0625,0,0.0625,0,0.046875,0,0.078125,0,0.109375,0,0.078125,0,0.109375,0.988562,0.0625,0,0.078125,0,0.0625,0,0.09375,0,0.09375,0,0.078125,0,0.046875,0,0.09375,0.965685,
91,50,2,0.078125,0,0.078125,0,0.078125,0,0.078125,0,0.078125,0,0.09375,0,0.078125,0,0.0625,0,0.046875,0,0.09375,0,0.078125,0,0.0625,0,0.0625,0,0.046875,0,0.078125,0,0.078125,0.866667,0.078125,0,0.078125,0,0.078125,0,0.09375,0.733333,0.0625,0,0.046875,0,0.0625,0,0.046875,0,0.078125,0,0.078125,0,0.078125,0,0.09375,0,0.09375,0,0.078125,0.733333,0.0625,0.866667,0.0625,0,0.078125,0.533333,0.109375,0.933333,0.0625,0,0.046875,0,0.0625,0,0.0625,0,0.078125,0.6,0.109375,0.933333,0.0625,0,0.09375,0,0.046875,0,0.0625,0,0.09375,0,0.125,0.333333,0.078125,0,0.046875,0,0.046875,0,0.0625,0,
92,50,2,0.109375,0,0.078125,0,0.0625,0,0.0625,0,0.0625,0,0.078125,0,0.078125,0,0.0625,0,0.0625,0,0.078125,0,0.078125,0,0.09375,0,0.078125,0,0.09375,0,0.109375,0,0.0625,0,0.078125,0,0.078125,0,0.09375,0,0.046875,0,0.078125,0,0.078125,0,0.078125,0,0.0625,0,0.109375,1.18186,0.09375,0,0.046875,0,0.0625,0,0.078125,0,0.046875,0,0.0625,0,0.078125,0.4,0.078125,0,0.0625,0,0.078125,0,0.078125,0,0.078125,0,0.0625,0,0.09375,0.866667,0.078125,0,0.09375,0,0.109375,0,0.078125,0,0.078125,0,0.0625,0,0.078125,0,0.03125,0,0.109375,0,0.078125,0.4,0.09375,0,
93,50,2,0.0625,0,0.0625,0,0.0625,0,0.0625,0,0.0625,0,0.0625,0,0.078125,0,0.078125,0,0.078125,0,0.046875,0,0.0625,0,0.109375,0.733333,0.0625,0,0.09375,0,0.0625,0,0.0625,0,0.078125,0,0.09375,0.733333,0.0625,0,0.09375,0.733333,0.09375,0.733333,0.0625,0,0.078125,0,0.078125,0,0.078125,0,0.046875,0,0.046875,0,0.0625,0,0.078125,0,0.09375,0,0.078125,0,0.0625,0.866667,0.078125,0,0.046875,0,0.078125,0,0.09375,0,0.078125,0.533333,0.0625,0,0.0625,0,0.078125,0,0.046875,0,0.109375,0,0.078125,0.466667,0.078125,0,0.0625,0,0.078125,0,0.0625,0,0.0625,0,0.078125,0,0.046875,0,
94,50,2,0.078125,0,0.0625,0,0.0625,0,0.078125,0.666667,0.078125,0,0.078125,0,0.09375,0,0.09375,0.466667,0.078125,0,0.078125,0,0.0625,0,0.078125,0,0.046875,0,0.0625,0,0.09375,0,0.0625,0,0.0625,0,0.109375,0,0.0625,0,0.046875,0,0.0625,0,0.0625,0,0.0625,0,0.0625,0,0.0625,0,0.0625,0,0.078125,0,0.078125,0,0.078125,0,0.078125,0,0.078125,0,0.0625,0,0.0625,0,0.109375,0,0.0625,0,0.0625,0,0.0625,0,0.078125,0,0.078125,0,0.078125,0,0.078125,0,0.109375,1.2647,0.0625,0,0.078125,0,0.078125,0,0.078125,0.4,0.0625,0,0.078125,0,0.078125,0,0.140625,1.33661,
95,50,2,0.0625,0,0.109375,0.8,0.078125,0,0.0625,0,0.078125,0.133333,0.078125,0.133333,0.0625,0,0.046875,0,0.09375,0,0.046875,0.266667,0.09375,0.933333,0.0625,0,0.09375,0.933333,0.078125,0,0.078125,0,0.078125,0,0.03125,0,0.046875,0,0.078125,0.133333,0.046875,0,0.078125,0,0.078125,0,0.109375,0,0.078125,0.733333,0.078125,0,0.0625,0.666667,0.078125,0,0.0625,0,0.078125,0,0.078125,0,0.0625,0,0.0625,0,0.09375,0,0.078125,0,0.078125,0,0.0625,0,0.078125,0.133333,0.109375,0,0.09375,0,0.0625,0.866667,0.0625,0,0.0625,0,0.09375,0,0.09375,0,0.0625,0,0.0625,0,0.0625,0,0.09375,0.733333,0.078125,0.533333,0.078125,0,
96,50,2,0.0625,0,0.0625,0,0.09375,0,0.078125,0,0.078125,0,0.0625,0,0.078125,0,0.078125,0,0.078125,0,0.078125,0,0.078125,0,0.0625,0,0.0625,0,0.03125,0,0.0625,0,0.078125,0,0.0625,0,0.0625,0,0.0625,0,0.046875,0,0.078125,0,0.078125,0,0.078125,0,0.125,0.333333,0.046875,0,0.078125,0,0.09375,0,0.109375,0,0.09375,0,0.109375,0,0.0625,0,0.0625,0,0.109375,0.733333,0.046875,0,0.0625,0,0.09375,0,0.078125,0,0.09375,0,0.09375,0,0.078125,0,0.078125,0,0.078125,0,0.0625,0,0.09375,0,0.109375,0.733333,0.078125,0,0.078125,0,0.0625,0,0.09375,0.733333,0.09375,0,
97,50,2,0.078125,0.533333,0.0625,0,0.0625,0,0.0625,0,0.0625,0,0.09375,0,0.078125,0,0.03125,0,0.09375,0,0.046875,0,0.0625,0,0.0625,0,0.09375,0,0.046875,0,0.078125,0,0.046875,0,0.078125,0,0.078125,0,0.046875,0,0.078125,0,0.078125,0,0.109375,0.666667,0.078125,0,0.09375,0.733333,0.03125,0,0.09375,0,0.0625,0,0.078125,0,0.046875,0,0.109375,0,0.078125,0,0.078125,0,0.078125,0,0.0625,0,0.078125,0,0.078125,0,0.078125,0.733333,0.078125,0,0.09375,0,0.09375,0,0.0625,0,0.046875,0,0.0625,0,0.0625,0,0.0625,0,0.0625,0,0.078125,0.6,0.046875,0,0.046875,0,0.078125,0,
98,50,2,0.09375,0.866667,0.109375,0,0.078125,0.466667,0.078125,0.0666667,0.0625,0,0.078125,0,0.09375,0,0.078125,0,0.109375,0,0.078125,0,0.046875,0,0.078125,0,0.0625,0,0.0625,0,0.0625,0,0.078125,0.0666667,0.0625,0,0.078125,0,0.0625,0,0.046875,0,0.0625,0,0.078125,0,0.09375,0,0.046875,0,0.078125,0,0.078125,0,0.0625,0,0.078125,0,0.078125,0,0.078125,0,0.0625,0,0.078125,0,0.0625,0,0.03125,0,0.078125,0,0.140625,0.832352,0.09375,0,0.078125,0,0.0625,0,0.09375,0,0.078125,0,0.0625,0,0.078125,0,0.109375,0.666667,0.078125,0.866667,0.0625,0,0.078125,0,0.078125,0,0.109375,1.15425,0.078125,0.0666667,
99,50,2,0.0625,0,0.0625,0,0.0625,0,0.0625,0,0.078125,0,0.0625,0,0.0625,0,0.078125,0,0.0625,0.866667,0.078125,0,0.046875,0,0.09375,0.733333,0.078125,0,0.078125,0.733333,0.125,0.333333,0.078125,0,0.0625,0,0.078125,0,0.0625,0.6,0.078125,0,0.0625,0,0.046875,0,0.0625,0,0.0625,0,0.078125,0,0.09375,0,0.0625,0,0.09375,0,0.03125,0,0.0625,0,0.09375,0.466667,0.09375,0,0.0625,0.6,0.0625,0,0.0625,0,0.109375,0.827614,0.09375,0.466667,0.078125,0,0.0625,0,0.109375,0,0.078125,0,0.078125,0,0.0625,0,0.09375,0,0.0625,0,0.078125,0,0.0625,0,0.078125,0,0.046875,0,0.09375,0,
100,50,2,0.09375,0.733333,0.09375,0,0.078125,0,0.078125,0,0.0625,0,0.09375,0,0.0625,0,0.09375,0,0.0625,0,0.046875,0,0.0625,0,0.0625,0,0.09375,0.666667,0.078125,0,0.078125,0,0.078125,0,0.09375,0.466667,0.078125,0,0.078125,0,0.078125,0,0.046875,0,0.078125,0,0.078125,0,0.0625,0,0.078125,0,0.109375,0,0.078125,0,0.078125,0,0.078125,0,0.09375,1.09902,0.0625,0,0.0625,0,0.078125,0.133333,0.078125,0,0.078125,0,0.078125,0,0.0625,0,0.09375,0,0.0625,0,0.078125,0,0.09375,0,0.046875,0,0.078125,0,0.078125,0,0.078125,0,0.078125,0,0.046875,0,0.0625,0,0.0625,0,0.125,0.266667,
101,50,2,0.078125,0,0.078125,0.133333,0.0625,0,0.109375,0,0.109375,0.666667,0.09375,0.333333,0.109375,0,0.0625,0,0.109375,0,0.046875,0,0.078125,0,0.078125,0,0.078125,0,0.09375,0,0.0625,0,0.0625,0.6,0.09375,0.6,0.046875,0,0.0625,0,0.078125,0,0.09375,0,0.078125,0,0.09375,1.18186,0.078125,0,0.09375,0,0.09375,0,0.09375,0,0.09375,0.6,0.078125,0.6,0.109375,0.666667,0.0625,0,0.078125,0,0.09375,0,0.0625,0,0.078125,0.733333,0.09375,0,0.09375,0,0.078125,0,0.125,1.03235,0.09375,0.333333,0.078125,0,0.0625,0.866667,0.09375,0.866667,0.046875,0,0.0625,0,0.09375,0,0.09375,0,0.0625,0,0.078125,0,0.0625,0,
102,50,2,0.078125,0,0.09375,0,0.078125,0,0.09375,0.666667,0.0625,0,0.0625,0,0.09375,0,0.078125,0,0.046875,0,0.078125,0.666667,0.125,0.2,0.09375,0,0.078125,0,0.0625,0,0.0625,0,0.109375,0,0.09375,0,0.078125,0,0.078125,0.866667,0.046875,0,0.0625,0,0.078125,0,0.078125,0,0.0625,0,0.09375,0,0.0625,0.533333,0.125,0.2,0.078125,0,0.078125,0,0.0625,0,0.078125,0,0.03125,0,0.0625,0,0.0625,0.466667,0.078125,0,0.046875,0,0.09375,0,0.078125,0,0.078125,0,0.0625,0,0.0625,0,0.0625,0,0.109375,0,0.09375,0,0.0625,0,0.078125,0,0.09375,0,0.09375,0,0.09375,0,0.078125,0,
103,50,2,0.0625,0,0.078125,0,0.0625,0,0.078125,0,0.0625,0,0.09375,0,0.0625,0,0.09375,0,0.078125,0,0.0625,0,0.0625,0,0.109375,0.6,0.046875,0,0.078125,0,0.0625,0,0.0625,0,0.0625,0,0.0625,0,0.078125,0,0.125,0.2,0.078125,0.666667,0.078125,0,0.09375,0,0.078125,0,0.0625,0,0.0625,0,0.0625,0,0.046875,0,0.046875,0,0.0625,0,0.0625,0,0.125,1.05997,0.09375,0,0.078125,0,0.078125,0.0666667,0.046875,0,0.078125,0,0.0625,0,0.078125,0.666667,0.0625,0.533333,0.0625,0,0.0625,0,0.0625,0,0.0625,0,0.078125,0,0.078125,0,0.078125,0,0.046875,0,0.078125,0,0.078125,0.733333,
104,50,2,0.0625,0,0.0625,0,0.0625,0.8,0.046875,0,0.078125,0,0.078125,0.894281,0.078125,0,0.0625,0,0.109375,0,0.078125,0.0666667,0.09375,0,0.0625,0,0.078125,0,0.078125,0,0.046875,0,0.0625,0.4,0.03125,0,0.0625,0,0.0625,0,0.078125,0,0.109375,0.6,0.046875,0,0.0625,0,0.0625,0,0.03125,0,0.09375,0,0.078125,0,0.078125,0,0.109375,0.6,0.0625,0,0.078125,0,0.09375,0,0.0625,0,0.0625,0,0.0625,0,0.078125,0,0.078125,0,0.078125,1.09902,0.078125,0,0.09375,0,0.078125,0,0.078125,0,0.09375,0.666667,0.078125,0,0.0625,0,0.125,0.8,0.0625,0,0.09375,0.533333,0.078125,0,0.0625,0.4,
105,50,2,0.0625,0,0.078125,0,0.078125,0,0.078125,0,0.078125,0,0.078125,0,0.0625,0,0.09375,0,0.09375,0,0.109375,0,0.078125,0,0.0625,0,0.09375,0.666667,0.046875,0,0.09375,0.8,0.078125,0,0.0625,0,0.078125,0.466667,0.109375,0.666667,0.109375,0,0.078125,0,0.078125,0,0.078125,0,0.078125,0,0.109375,0,0.09375,0,0.078125,0,0.09375,0,0.0625,0,0.109375,0.533333,0.0625,0,0.0625,0,0.078125,0.6,0.078125,0,0.078125,0,0.09375,0,0.0625,0,0.09375,0,0.078125,0,0.09375,0,0.09375,0,0.078125,0,0.078125,0,0.078125,0,0.0625,0,0.0625,0,0.0625,0,0.0625,0,0.09375,0,0.078125,0,
106,50,2,0.078125,0,0.078125,0,0.078125,0,0.0625,0,0.078125,0,0.078125,0,0.078125,0,0.0625,0,0.109375,0.666667,0.0625,0,0.078125,0,0.0625,0,0.078125,0,0.09375,0,0.0625,0,0.09375,0,0.078125,0,0.078125,0,0.109375,0,0.078125,0,0.078125,0,0.078125,0,0.09375,0.6,0.0625,0,0.078125,0,0.078125,0,0.109375,0,0.078125,0,0.078125,0,0.0625,0.6,0.046875,0,0.078125,0,0.09375,0,0.078125,0,0.078125,0,0.09375,0,0.09375,0,0.078125,0,0.078125,0,0.09375,0,0.078125,0.4,0.0625,0,0.0625,0,0.078125,0,0.0625,0,0.078125,0,0.109375,0,0.046875,0,0.078125,0,0.0625,0,
107,50,2,0.125,0.2,0.078125,0,0.09375,0,0.078125,0,0.09375,0,0.0625,0,0.0625,0,0.078125,0,0.078125,0,0.078125,0,0.078125,0,0.046875,0,0.0625,0,0.109375,0,0.078125,0,0.0625,0,0.078125,0,0.078125,0,0.078125,0.733333,0.046875,0,0.0625,0,0.109375,0,0.09375,0,0.078125,0,0.078125,0,0.078125,0,0.078125,0,0.078125,0,0.078125,0.6,0.09375,0,0.078125,0,0.078125,0,0.078125,0,0.078125,0,0.0625,0,0.078125,0.6,0.078125,0,0.078125,0,0.09375,0,0.046875,0,0.078125,0,0.078125,0,0.0625,0,0.046875,0,0.0625,0,0.078125,0,0.046875,0,0.078125,0,0.078125,0,0.09375,0,
108,50,2,0.0625,0,0.046875,0,0.09375,0,0.09375,0,0.078125,0,0.09375,0.266667,0.078125,0,0.109375,0,0.046875,0,0.125,0.133333,0.078125,0,0.078125,0,0.09375,0,0.109375,0,0.109375,0,0.0625,0,0.03125,0,0.078125,0,0.109375,0,0.0625,0,0.09375,0,0.078125,0,0.078125,0,0.0625,0,0.078125,0,0.078125,0,0.046875,0,0.078125,0,0.046875,0,0.09375,0.466667,0.09375,0.466667,0.046875,0,0.0625,0,0.109375,0,0.078125,0,0.0625,0,0.078125,0.466667,0.078125,0,0.0625,0.533333,0.0625,0,0.078125,0,0.0625,0,0.078125,0,0.078125,0,0.0625,0,0.09375,0.266667,0.09375,0,0.0625,0,0.09375,0,0.078125,0,
109,50,2,0.09375,1.14281,0.0625,0,0.0625,0,0.0625,0,0.109375,0,0.078125,0,0.09375,0,0.078125,0,0.078125,0.333333,0.078125,0,0.078125,0,0.046875,0,0.109375,0,0.109375,0,0.078125,0,0.0625,0,0.078125,0,0.0625,0,0.125,0.133333,0.078125,0.333333,0.0625,0,0.078125,0,0.109375,0,0.078125,0,0.0625,0,0.078125,0,0.09375,0,0.03125,0,0.046875,0,0.0625,0,0.078125,0,0.0625,0,0.0625,0,0.078125,0,0.109375,0.6,0.09375,0,0.078125,0,0.0625,0,0.09375,0,0.078125,0,0.09375,0,0.078125,0,0.0625,0,0.0625,0,0.078125,0.4,0.078125,0,0.0625,0,0.078125,0,0.109375,0,0.078125,0,
110,50,2,0.078125,0,0.078125,0,0.078125,0,0.09375,0.533333,0.078125,0,0.09375,0.333333,0.0625,0,0.09375,0,0.0625,0,0.0625,0,0.0625,0,0.109375,0,0.078125,0,0.078125,0,0.109375,0,0.078125,0,0.0625,0,0.078125,0,0.078125,0,0.0625,0,0.0625,0,0.078125,0,0.09375,0,0.0625,0,0.0625,0,0.078125,0,0.078125,0,0.09375,0,0.0625,0,0.0625,0,0.09375,0,0.078125,0,0.0625,0,0.09375,0,0.109375,0,0.0625,0,0.0625,0,0.0625,0,0.078125,0,0.0625,0,0.09375,0,0.078125,0,0.0625,0,0.109375,0,0.078125,0,0.0625,0,0.0625,0,0.09375,0.8,0.078125,0.4,0.09375,0,
111,50,2,0.09375,0,0.09375,0,0.0625,0,0.078125,0,0.046875,0,0.0625,0.466667,0.0625,0,0.0625,0,0.078125,0,0.0625,0,0.0625,0,0.0625,0,0.0625,0,0.078125,0.666667,0.0625,0,0.078125,0,0.078125,0,0.03125,0,0.078125,0,0.09375,0,0.109375,0,0.0625,0.866667,0.09375,0,0.078125,0,0.046875,0,0.0625,0,0.078125,0,0.125,0.133333,0.078125,0,0.0625,0,0.078125,0,0.046875,0,0.09375,0,0.046875,0,0.046875,0,0.0625,0,0.125,0.733333,0.078125,0,0.09375,0,0.09375,0,0.078125,0,0.109375,0,0.0625,0,0.09375,0,0.0625,0,0.078125,0,0.0625,0,0.09375,0.4,0.078125,0,0.046875,0,
112,50,2,0.09375,0.866667,0.0625,0,0.078125,0,0.0625,0,0.109375,0,0.078125,0,0.09375,0.133333,0.078125,0,0.078125,0,0.0625,0,0.078125,0,0.109375,0.6,0.0625,0,0.0625,0,0.09375,0.133333,0.078125,0.333333,0.046875,0,0.09375,0,0.078125,0,0.09375,0.133333,0.078125,0,0.0625,0,0.046875,0,0.078125,0,0.078125,0,0.046875,0,0.078125,0,0.0625,0,0.0625,0,0.078125,0.733333,0.078125,0,0.046875,0,0.078125,0,0.078125,0,0.109375,0.933333,0.09375,0,0.0625,0,0.078125,0,0.078125,0,0.125,0.733333,0.078125,0,0.078125,0,0.09375,0,0.078125,0,0.0625,0,0.078125,0,0.09375,0,0.09375,0,0.0625,0,0.078125,0,
113,50,2,0.046875,0,0.078125,0,0.0625,0,0.09375,0.4,0.078125,0,0.09375,0.466667,0.09375,0,0.078125,0,0.078125,0,0.0625,0,0.0625,0,0.078125,0,0.078125,0,0.0625,0,0.0625,0,0.046875,0,0.078125,0,0.0625,0,0.0625,0,0.078125,0,0.0625,0,0.109375,0.866667,0.078125,0,0.078125,0,0.078125,0,0.09375,0,0.078125,0,0.0625,0,0.109375,0.866667,0.078125,0,0.09375,0,0.125,0.0666667,0.09375,0.2,0.09375,0,0.09375,0,0.078125,0,0.140625,1.20948,0.0625,0,0.078125,0,0.09375,0,0.046875,0,0.078125,0.866667,0.0625,0,0.109375,0,0.078125,0,0.109375,0.6,0.078125,0,0.078125,0,0.09375,0,0.109375,0,
114,50,2,0.046875,0,0.09375,0,0.0625,0.4,0.09375,0.4,0.09375,0,0.125,0,0.125,0,0.078125,0.6,0.0625,0.4,0.078125,0,0.078125,0,0.09375,0,0.078125,0,0.109375,0,0.046875,0,0.078125,0,0.109375,0,0.0625,0,0.078125,0,0.078125,0,0.125,1.41945,0.046875,0,0.078125,0,0.09375,0,0.0625,0,0.078125,0.266667,0.078125,0.266667,0.078125,0,0.078125,0,0.109375,0.866667,0.140625,0.933333,0.0625,0,0.078125,0,0.078125,0,0.125,0,0.0625,0,0.09375,0.2,0.078125,0,0.078125,0,0.078125,0.6,0.0625,0,0.0625,0,0.0625,0,0.0625,0,0.0625,0,0.0625,0,0.0625,0,0.078125,0,0.0625,0,0.078125,0,
115,50,2,0.078125,0,0.0625,0,0.078125,0,0.0625,0,0.0625,0,0.109375,0.533333,0.0625,0.333333,0.09375,0,0.078125,0,0.109375,0,0.0625,0,0.09375,1.01618,0.046875,0,0.09375,0,0.078125,0,0.0625,0,0.046875,0,0.078125,0,0.0625,0,0.09375,0,0.09375,0.8,0.078125,0,0.09375,0,0.078125,0,0.078125,0,0.109375,1.20948,0.0625,0.333333,0.09375,0,0.078125,0,0.078125,0,0.09375,0,0.078125,0,0.0625,0.333333,0.109375,0.466667,0.078125,0,0.078125,0.266667,0.09375,0,0.078125,0,0.109375,0.466667,0.046875,0,0.0625,0,0.09375,0,0.078125,0,0.078125,0,0.078125,0,0.078125,0,0.0625,0,0.078125,0,0.046875,0,0.078125,0,
116,50,2,0.046875,0,0.09375,0,0.078125,0,0.078125,0,0.078125,0,0.078125,0,0.078125,0,0.0625,0,0.109375,0,0.078125,0,0.078125,0,0.09375,0.6,0.09375,0,0.0625,0,0.109375,0,0.078125,0,0.109375,0,0.0625,0,0.078125,0,0.078125,0,0.109375,0,0.0625,0,0.125,0.666667,0.109375,0.933333,0.09375,0,0.078125,0,0.0625,0,0.0625,0,0.09375,0,0.09375,0,0.078125,0,0.0625,0,0.09375,0.133333,0.09375,0,0.0625,0,0.09375,0,0.046875,0,0.0625,0,0.078125,0,0.0625,0.333333,0.078125,0,0.0625,0,0.078125,0,0.078125,0,0.09375,0.733333,0.09375,0,0.09375,0,0.078125,0,0.09375,0,0.078125,0,
117,50,2,0.09375,0,0.078125,0,0.09375,0,0.09375,0,0.0625,0,0.0625,0,0.078125,0,0.0625,0,0.109375,1.0714,0.078125,0,0.109375,0,0.078125,0.133333,0.109375,0,0.09375,0,0.0625,0,0.0625,0,0.078125,0,0.078125,0,0.078125,0.133333,0.0625,0,0.078125,0,0.0625,0,0.046875,0,0.09375,0,0.046875,0,0.0625,0.333333,0.0625,0,0.09375,0,0.078125,0,0.09375,0,0.0625,0,0.046875,0,0.078125,0,0.0625,0,0.0625,0,0.078125,0.666667,0.0625,0,0.0625,0,0.0625,0,0.0625,0,0.0625,0,0.078125,0,0.09375,0,0.078125,0,0.109375,0.866667,0.078125,0,0.0625,0,0.09375,0,0.0625,0,0.0625,0,
118,50,2,0.0625,0,0.09375,0.133333,0.09375,0,0.046875,0,0.0625,0,0.0625,0,0.078125,0,0.046875,0,0.078125,0,0.09375,0,0.0625,0,0.09375,0.666667,0.078125,0,0.078125,0,0.09375,0,0.0625,0,0.0625,0,0.09375,0,0.078125,0.0666667,0.0625,0,0.078125,0,0.0625,0,0.078125,0,0.078125,0,0.0625,0,0.0625,0,0.09375,0,0.0625,0,0.078125,0.0666667,0.09375,0,0.078125,0,0.09375,0,0.09375,0,0.0625,0,0.078125,0,0.078125,0,0.125,0,0.078125,0,0.09375,0,0.109375,0,0.109375,0.866667,0.078125,0,0.09375,0.733333,0.078125,0,0.109375,0,0.078125,0,0.078125,0,0.09375,0,0.0625,0,0.0625,0,
119,50,2,0.0625,0,0.0625,0,0.09375,0,0.0625,0,0.078125,0,0.046875,0,0.125,0,0.078125,0,0.125,1.2647,0.0625,0,0.09375,0,0.0625,0,0.09375,0,0.078125,0,0.078125,0,0.078125,0,0.0625,0,0.09375,0,0.0625,0,0.046875,0,0.09375,0,0.078125,0.4,0.078125,0,0.046875,0,0.078125,0,0.078125,0,0.078125,0,0.078125,0,0.09375,0,0.078125,0,0.078125,0,0.0625,0,0.09375,0,0.046875,0,0.0625,0,0.046875,0,0.078125,0,0.0625,0,0.078125,0,0.09375,0,0.046875,0,0.09375,0.333333,0.0625,0,0.0625,0,0.078125,0,0.078125,0,0.078125,0,0.0625,0,0.09375,0,0.078125,0,
120,50,2,0.09375,0,0.078125,0,0.078125,0,0.078125,0,0.078125,0,0.09375,0,0.078125,0,0.140625,1.72043,0.109375,0,0.078125,0,0.046875,0,0.0625,0,0.0625,0,0.078125,0,0.078125,0,0.0625,0,0.078125,0,0.046875,0.866667,0.078125,0,0.078125,0,0.09375,0,0.0625,0,0.046875,0,0.046875,0,0.046875,0,0.09375,0,0.078125,0,0.046875,0,0.078125,0,0.078125,0,0.0625,0,0.0625,0,0.15625,1.46183,0.078125,0.333333,0.0625,0,0.078125,0,0.09375,0,0.078125,0,0.078125,0,0.125,0,0.0625,0,0.0625,0,0.078125,0,0.046875,0,0.125,0.933333,0.109375,0.533333,0.0625,0,0.0625,0,0.078125,0,0.09375,0,
121,50,2,0.046875,0,0.046875,0,0.0625,0,0.078125,0,0.046875,0,0.0625,0,0.078125,0,0.09375,0,0.078125,0,0.0625,0,0.078125,0,0.078125,0,0.09375,0,0.09375,0,0.078125,0,0.09375,0,0.078125,0,0.046875,0,0.0625,0,0.078125,0,0.125,0,0.03125,0,0.046875,0,0.09375,0,0.0625,0,0.09375,0,0.0625,0,0.0625,0,0.078125,0,0.078125,0.6,0.0625,0.333333,0.046875,0,0.078125,0.977124,0.078125,0,0.078125,0,0.078125,0,0.0625,0,0.078125,0,0.109375,0,0.078125,0,0.046875,0,0.109375,0,0.046875,0,0.078125,0,0.0625,0,0.09375,0,0.09375,0,0.078125,0,0.0625,0,0.09375,0,
122,50,2,0.078125,0,0.078125,0,0.0625,0,0.078125,0,0.078125,0,0.0625,0,0.09375,0,0.078125,0,0.078125,0,0.109375,0,0.09375,0,0.078125,0.6,0.0625,0,0.0625,0,0.0625,0,0.078125,0,0.0625,0,0.046875,0,0.0625,0,0.046875,0,0.0625,0,0.078125,0,0.0625,0,0.0625,0,0.0625,0,0.09375,0,0.09375,0,0.0625,0,0.09375,0,0.0625,0,0.0625,0,0.078125,0,0.078125,0,0.0625,0,0.078125,0,0.078125,0,0.0625,0,0.109375,0,0.0625,0,0.078125,0,0.0625,0,0.09375,0,0.09375,0,0.078125,0,0.0625,0,0.0625,0,0.0625,0,0.078125,0,0.0625,0,0.0625,0,
123,50,2,0.078125,0,0.0625,0,0.078125,0,0.078125,0,0.0625,0,0.078125,0,0.078125,0,0.078125,0,0.0625,0,0.0625,0,0.078125,0,0.078125,0,0.09375,0,0.0625,0,0.0625,0,0.09375,0.6,0.078125,0,0.109375,0,0.109375,0.466667,0.0625,0,0.0625,0,0.046875,0,0.0625,0,0.046875,0,0.09375,0,0.109375,0.733333,0.09375,0,0.0625,0,0.09375,0.333333,0.078125,0,0.078125,0,0.0625,0,0.09375,0,0.078125,0,0.0625,0,0.078125,0,0.0625,0,0.078125,0,0.0625,0,0.046875,0,0.0625,0,0.0625,0,0.046875,0,0.0625,0,0.09375,0,0.046875,0,0.0625,0,0.078125,0,0.109375,0.933333,0.0625,0,
124,50,2,0.078125,0,0.109375,0,0.09375,0,0.046875,0,0.0625,0,0.046875,0,0.078125,0,0.09375,0,0.09375,0,0.078125,0,0.078125,0,0.109375,0.866667,0.0625,0,0.09375,0.533333,0.046875,0,0.0625,0,0.046875,0,0.09375,0,0.09375,0,0.078125,0,0.078125,0,0.078125,0,0.09375,0,0.078125,0,0.09375,0,0.078125,0,0.046875,0,0.09375,0,0.046875,0,0.078125,0.866667,0.0625,0,0.09375,0,0.078125,0,0.09375,0.866667,0.109375,0,0.078125,0,0.078125,0,0.09375,0,0.125,0,0.03125,0,0.046875,0,0.078125,0,0.046875,0,0.09375,0,0.0625,0,0.078125,0,0.078125,0,0.078125,0,0.078125,0,0.0625,0,
125,50,2,0.09375,0,0.078125,0,0.078125,0,0.0625,0,0.109375,0,0.0625,0,0.0625,0,0.046875,0,0.078125,0,0.0625,0,0.09375,0,0.046875,0,0.125,1.12663,0.078125,0,0.09375,0,0.078125,0,0.078125,0,0.0625,0,0.078125,0,0.046875,0.2,0.09375,0,0.0625,0.533333,0.09375,0,0.078125,0.333333,0.046875,0,0.0625,0.733333,0.078125,0.533333,0.0625,0,0.078125,0,0.0625,0,0.0625,0,0.0625,0,0.078125,0,0.078125,0,0.0625,0,0.078125,0,0.0625,0,0.0625,0,0.0625,0,0.078125,0,0.0625,0,0.0625,0,0.0625,0,0.078125,0.666667,0.09375,0,0.078125,0,0.0625,0,0.09375,0,0.109375,0,0.0625,0,
126,50,2,0.09375,0,0.078125,0,0.078125,0,0.078125,0,0.0625,0,0.0625,0,0.046875,0,0.0625,0,0.0625,0,0.109375,0.933333,0.078125,0,0.09375,0,0.078125,0,0.0625,0,0.0625,0,0.0625,0,0.0625,0,0.09375,0,0.078125,0,0.09375,0,0.078125,0,0.0625,0.666667,0.0625,0,0.078125,0,0.09375,0,0.0625,0,0.078125,0,0.078125,0,0.078125,0,0.0625,0,0.0625,0,0.078125,0,0.0625,0,0.078125,0,0.09375,0.466667,0.078125,0,0.09375,0,0.0625,0,0.09375,0,0.09375,0.266667,0.0625,0,0.078125,0,0.046875,0,0.09375,0,0.078125,0,0.09375,0,0.0625,0,0.078125,0,0.078125,0,0.078125,0,
127,50,2,0.046875,0.866667,0.09375,0,0.09375,0,0.09375,0,0.046875,0,0.078125,0,0.078125,0,0.0625,0,0.0625,0.6,0.0625,0,0.0625,0,0.078125,0,0.109375,0.4,0.0625,0,0.0625,0,0.078125,0,0.0625,0,0.0625,0,0.078125,0,0.046875,0,0.078125,0,0.09375,0,0.109375,0.4,0.09375,0,0.078125,0,0.09375,0,0.078125,0,0.078125,0,0.0625,0,0.0625,0,0.0625,0,0.0625,0,0.09375,0,0.0625,0,0.0625,0,0.109375,0.4,0.0625,0.533333,0.078125,0,0.0625,0,0.0625,0,0.0625,0,0.078125,0.8,0.078125,0,0.078125,0,0.078125,0,0.078125,0,0.078125,0,0.046875,0,0.078125,0,0.078125,0,
128,50,2,0.078125,0,0.125,0.949509,0.078125,0.333333,0.0625,0,0.078125,0,0.078125,0,0.0625,0,0.078125,0,0.109375,0,0.0625,0,0.078125,0,0.078125,0,0.09375,0,0.078125,0,0.0625,0,0.0625,0,0.0625,0,0.078125,0,0.109375,0,0.078125,0,0.09375,0,0.078125,0,0.078125,0,0.0625,0,0.0625,0,0.0625,0,0.09375,0,0.09375,0,0.078125,0,0.09375,0.8,0.078125,0,0.109375,0.8,0.078125,0,0.078125,0,0.078125,0,0.078125,0.866667,0.078125,0,0.078125,0,0.078125,0,0.078125,0,0.046875,0,0.078125,0,0.0625,0,0.0625,0,0.078125,0,0.140625,1.23709,0.0625,0,0.0625,0,0.0625,0.266667,0.078125,0,
129,50,2,0.09375,0,0.078125,0,0.078125,0,0.078125,0,0.0625,0,0.078125,0,0.0625,0,0.09375,0,0.0625,0,0.078125,0,0.046875,0,0.078125,0,0.125,0,0.078125,0,0.078125,0,0.0625,0,0.0625,0,0.078125,0,0.046875,0,0.09375,0,0.078125,0,0.09375,0,0.0625,0,0.078125,0,0.0625,0,0.078125,0,0.109375,0.4,0.0625,0,0.09375,0,0.078125,0,0.0625,0,0.0625,0,0.078125,0,0.109375,0.4,0.046875,0,0.078125,0,0.09375,0.733333,0.078125,0,0.078125,0,0.0625,0,0.0625,0,0.09375,0,0.09375,0,0.09375,0,0.078125,0,0.09375,0,0.0625,0,0.078125,0,0.0625,0,0.0625,0,
130,50,2,0.09375,0,0.0625,0,0.078125,0,0.078125,0,0.0625,0,0.078125,0,0.0625,0,0.046875,0,0.078125,0,0.09375,0,0.125,0,0.0625,0,0.0625,0,0.078125,0,0.0625,0,0.09375,0,0.078125,0,0.078125,0,0.0625,0,0.078125,0,0.109375,0.333333,0.109375,0.866667,0.078125,0,0.078125,0,0.09375,0,0.0625,0,0.078125,0,0.0625,0,0.078125,0,0.0625,0,0.0625,0,0.09375,0,0.046875,0,0.09375,0,0.0625,0,0.0625,0,0.078125,0,0.109375,0,0.09375,0,0.140625,0.866667,0.078125,0,0.046875,0,0.046875,0,0.078125,0,0.078125,0,0.0625,0,0.0625,0,0.046875,0,0.09375,0.6,0.0625,0,
131,50,2,0.09375,0,0.125,0,0.09375,1.29232,0.0625,0,0.0625,0,0.0625,0,0.078125,0,0.078125,0,0.078125,0,0.078125,0,0.09375,0,0.0625,0,0.078125,0,0.09375,0,0.078125,0,0.078125,0,0.078125,0,0.078125,0,0.0625,0.6,0.09375,0,0.046875,0,0.078125,0,0.109375,0.266667,0.078125,0,0.078125,0,0.09375,0,0.078125,0,0.09375,0,0.0625,0.533333,0.0625,0,0.0625,0,0.0625,0,0.0625,0,0.078125,0,0.09375,0,0.078125,0,0.078125,0,0.03125,0,0.078125,0.6,0.046875,0,0.0625,0,0.0625,0,0.0625,0,0.0625,0,0.0625,0,0.078125,0,0.0625,0,0.078125,0,0.078125,0,0.09375,0,
132,50,2,0.078125,0,0.078125,0,0.09375,0,0.109375,0,0.078125,0,0.0625,0,0.09375,0,0.109375,0,0.0625,0,0.0625,0,0.078125,0,0.0625,0.6,0.0625,0,0.078125,0,0.109375,0,0.0625,0,0.0625,0,0.0625,0,0.0625,0,0.078125,0.8,0.046875,0,0.078125,0,0.09375,0.733333,0.0625,0,0.09375,0,0.0625,0,0.0625,0,0.109375,0,0.09375,0,0.09375,0,0.078125,0,0.0625,0,0.046875,0,0.0625,0,0.078125,0,0.03125,0,0.078125,0,0.09375,0,0.0625,0,0.109375,0,0.09375,0,0.109375,0,0.0625,0,0.109375,0,0.09375,0,0.0625,0,0.078125,0,0.09375,0,0.0625,0,0.078125,0,
133,50,2,0.09375,0,0.09375,0,0.0625,0,0.09375,0,0.09375,0,0.078125,0,0.078125,0,0.109375,0.2,0.09375,0.466667,0.0625,0.2,0.09375,0,0.09375,0,0.109375,0.4,0.078125,0,0.09375,0,0.046875,0,0.09375,0,0.046875,0,0.078125,0,0.078125,0,0.078125,0,0.0625,0,0.0625,0,0.0625,0,0.0625,0,0.078125,0,0.09375,0,0.078125,0.733333,0.078125,0,0.078125,0,0.046875,0,0.078125,0,0.0625,0,0.0625,0.2,0.078125,0,0.09375,0.266667,0.0625,0,0.078125,0,0.078125,0,0.09375,0,0.0625,0,0.09375,0,0.0625,0,0.0625,0,0.0625,0,0.0625,0,0.046875,0,0.0625,0,0.078125,0,0.078125,0.8,
134,50,2,0.109375,0.4,0.09375,0,0.046875,0,0.0625,0,0.0625,0,0.0625,0,0.09375,0.266667,0.09375,0,0.078125,0.333333,0.0625,0,0.09375,0,0.078125,0,0.109375,0,0.0625,0,0.0625,0,0.078125,0,0.078125,0,0.0625,0,0.0625,0,0.078125,0,0.078125,0,0.078125,0,0.0625,0,0.0625,0,0.0625,0,0.09375,0,0.0625,0,0.078125,0,0.0625,0,0.0625,0,0.046875,0,0.078125,0,0.078125,0,0.0625,0,0.078125,0,0.0625,0,0.046875,0,0.0625,0,0.09375,0,0.09375,0,0.078125,0,0.0625,0,0.109375,0.933333,0.078125,0,0.078125,0,0.09375,0,0.09375,0,0.078125,0,0.0625,0,0.078125,0,
135,50,2,0.078125,0,0.0625,0,0.078125,0,0.0625,0.466667,0.078125,0,0.0625,0,0.078125,0,0.078125,0,0.078125,0,0.078125,0,0.078125,0,0.0625,0.466667,0.046875,0,0.078125,0,0.03125,0,0.078125,0,0.078125,0,0.09375,0,0.046875,0,0.0625,0,0.078125,0,0.125,0,0.0625,0,0.046875,0,0.078125,0,0.078125,0,0.078125,0,0.09375,0,0.0625,0.2,0.0625,0,0.0625,0,0.078125,0,0.046875,0,0.078125,0,0.109375,0,0.109375,0,0.140625,1.05997,0.0625,0,0.109375,0,0.09375,0.666667,0.0625,0.466667,0.109375,0.2,0.0625,0,0.078125,0,0.0625,0,0.046875,0,0.078125,0,0.078125,0,0.09375,0,0.0625,0,
136,50,2,0.078125,0,0.078125,0,0.0625,0,0.03125,0,0.078125,0,0.0625,0,0.109375,0.2,0.09375,0,0.109375,0,0.078125,0,0.078125,0,0.078125,0,0.078125,0,0.078125,0,0.078125,0,0.09375,0.933333,0.078125,0,0.125,0,0.078125,0,0.109375,0,0.046875,0,0.078125,0,0.078125,0,0.078125,0,0.09375,0,0.0625,0,0.0625,0,0.0625,0,0.09375,0.866667,0.078125,0,0.09375,0,0.09375,0,0.046875,0,0.046875,0.8,0.078125,0,0.09375,0,0.078125,0,0.09375,0,0.046875,0,0.078125,0,0.09375,0,0.09375,0,0.078125,0,0.0625,0,0.0625,0,0.078125,0,0.09375,0,0.09375,0,0.078125,0,0.0625,0,
137,50,2,0.09375,0,0.078125,0,0.0625,0,0.0625,0,0.046875,0,0.109375,0.133333,0.078125,0,0.125,0,0.078125,0,0.078125,0,0.09375,0,0.0625,0,0.078125,0,0.0625,0,0.0625,0,0.0625,0,0.078125,0,0.09375,0,0.09375,0,0.09375,0.266667,0.078125,0,0.078125,0,0.046875,0,0.09375,0,0.0625,0,0.0625,0,0.078125,0,0.078125,0,0.09375,0,0.0625,0.4,0.078125,0,0.078125,0,0.0625,0,0.078125,0,0.109375,0,0.078125,0,0.046875,0.8,0.078125,0,0.078125,0,0.078125,0,0.0625,0,0.0625,0,0.046875,0,0.09375,0,0.078125,0,0.09375,0.733333,0.09375,0,0.0625,0,0.078125,0,0.0625,0,
138,50,2,0.09375,0,0.046875,0,0.078125,0,0.0625,0,0.09375,0,0.078125,0,0.078125,0,0.0625,0,0.0625,0,0.09375,0,0.0625,0,0.078125,0.266667,0.0625,0,0.0625,0,0.078125,0,0.0625,0,0.0625,0,0.0625,0,0.078125,0,0.109375,0,0.078125,0,0.0625,0,0.0625,0,0.0625,0,0.0625,0,0.078125,0.666667,0.046875,0,0.046875,0,0.078125,0,0.09375,0,0.078125,0,0.078125,0,0.0625,0,0.09375,0.266667,0.125,0,0.109375,0.988562,0.078125,0,0.078125,0,0.09375,0,0.0625,0,0.078125,0,0.046875,0.2,0.09375,0,0.078125,0,0.0625,0,0.09375,0,0.078125,0,0.0625,0,0.046875,0,0.109375,0,
139,50,2,0.078125,0,0.078125,0,0.09375,0.266667,0.078125,0,0.0625,0,0.0625,0,0.109375,0.4,0.0625,0,0.078125,0,0.078125,0,0.0625,0,0.09375,0,0.078125,0,0.078125,0,0.078125,0,0.109375,0,0.078125,0,0.0625,0,0.078125,0,0.078125,0,0.09375,0,0.078125,0,0.09375,0,0.078125,0,0.078125,0,0.046875,0,0.09375,0,0.0625,0,0.0625,0,0.09375,0.8,0.09375,0,0.09375,0,0.09375,0,0.09375,0,0.09375,0,0.0625,0,0.078125,0,0.09375,0,0.09375,0,0.078125,0.6,0.0625,0,0.09375,0,0.09375,0.666667,0.09375,0,0.0625,0,0.09375,0,0.078125,0,0.1875,1.72376,0.0625,0,0.078125,0,
140,50,2,0.0625,0,0.078125,0,0.0625,0,0.0625,0,0.0625,0,0.09375,0,0.078125,0,0.078125,0,0.09375,0.926633,0.046875,0,0.0625,0,0.078125,0,0.078125,0,0.09375,0,0.078125,0,0.109375,0.4,0.0625,0,0.078125,0,0.09375,0,0.078125,0,0.078125,0,0.046875,0,0.0625,0,0.09375,0,0.0625,0,0.0625,0,0.09375,0,0.078125,0,0.09375,0,0.046875,0,0.109375,0,0.078125,0,0.078125,0,0.078125,0,0.0625,0,0.0625,0,0.09375,0.8,0.09375,0,0.0625,0,0.0625,0,0.046875,0,0.0625,0,0.078125,0,0.0625,0,0.0625,0,0.09375,0,0.0625,0,0.0625,0,0.09375,0.926633,0.0625,0,
141,50,2,0.109375,0.0666667,0.09375,0,0.078125,0.266667,0.0625,0,0.078125,0,0.0625,0,0.09375,0.4,0.078125,0,0.0625,0,0.0625,0,0.09375,0.2,0.078125,0,0.078125,0.933333,0.078125,0,0.078125,0,0.09375,0,0.109375,0,0.078125,0,0.0625,0,0.078125,0,0.0625,0,0.078125,0,0.078125,0,0.078125,0,0.0625,0.333333,0.078125,0,0.078125,0,0.078125,0,0.0625,0,0.0625,0,0.09375,0,0.09375,0,0.09375,0,0.078125,0,0.078125,0,0.0625,0,0.0625,0,0.0625,0,0.046875,0,0.046875,0,0.046875,0,0.078125,0,0.09375,0.2,0.078125,0.733333,0.078125,0,0.125,1.04853,0.109375,0,0.09375,0,0.09375,0,0.046875,0,
142,50,2,0.078125,0,0.078125,0,0.078125,0,0.0625,0,0.0625,0,0.078125,0,0.109375,0,0.078125,0,0.0625,0,0.0625,0,0.078125,0,0.078125,0,0.0625,0,0.078125,0,0.09375,0,0.046875,0,0.078125,0,0.0625,0,0.078125,0,0.078125,0,0.03125,0,0.078125,0,0.0625,0,0.0625,0,0.0625,0,0.0625,0,0.0625,0,0.078125,0,0.0625,0,0.078125,0,0.078125,0,0.0625,0,0.09375,0,0.078125,0,0.078125,0,0.078125,0,0.09375,0,0.109375,0,0.078125,0,0.0625,0,0.09375,0,0.0625,0,0.078125,0.8,0.0625,0,0.09375,0,0.0625,0,0.078125,0,0.078125,0,0.09375,0,0.09375,0,
143,50,2,0.0625,0,0.078125,0,0.03125,0,0.046875,0,0.09375,0,0.0625,0,0.078125,0,0.078125,0,0.078125,0,0.0625,0,0.046875,0,0.0625,0,0.078125,0,0.046875,0,0.0625,0,0.078125,0,0.078125,0,0.0625,0,0.046875,0,0.125,0,0.0625,0,0.09375,0,0.078125,0,0.046875,0,0.078125,0,0.09375,0,0.078125,0,0.109375,0,0.046875,0,0.09375,0,0.078125,0,0.0625,0,0.109375,0,0.09375,0,0.078125,0,0.09375,0,0.0625,0,0.09375,0,0.03125,0,0.046875,0,0.078125,0,0.0625,0,0.0625,0,0.078125,0,0.078125,0,0.0625,0,0.046875,0,0.09375,0,0.09375,0.733333,0.0625,0,
144,50,2,0.078125,0,0.0625,0,0.078125,0,0.078125,0,0.09375,0,0.078125,0,0.0625,0,0.09375,0,0.09375,0,0.078125,0,0.078125,0,0.0625,0,0.0625,0,0.078125,0,0.078125,0.266667,0.046875,0,0.09375,0,0.078125,0,0.09375,0.666667,0.0625,0,0.109375,0,0.09375,0,0.09375,0,0.078125,0,0.0625,0,0.046875,0,0.125,0,0.125,0.666667,0.078125,0,0.0625,0,0.078125,0,0.078125,0,0.109375,0,0.078125,0,0.140625,0.694281,0.0625,0,0.109375,0.4,0.09375,0,0.0625,0,0.078125,0,0.046875,0,0.046875,0,0.078125,0,0.078125,0,0.0625,0,0.078125,0,0.078125,0,0.0625,0.8,0.078125,0,0.078125,0,
145,50,2,0.078125,0,0.078125,0,0.0625,0,0.078125,0,0.0625,0,0.078125,0,0.046875,0,0.046875,0,0.078125,0,0.0625,0,0.0625,0,0.09375,0,0.0625,0,0.078125,0,0.0625,0,0.0625,0,0.09375,0,0.078125,0,0.078125,0.6,0.078125,0,0.0625,0,0.078125,0,0.109375,0,0.0625,0,0.078125,0,0.09375,0,0.078125,0,0.09375,0,0.09375,0,0.09375,0,0.078125,0,0.0625,0.333333,0.046875,0,0.046875,0,0.078125,0,0.03125,0,0.0625,0,0.078125,0,0.09375,0,0.09375,0.266667,0.109375,0,0.078125,0,0.09375,0,0.046875,0,0.125,1.17042,0.0625,0,0.078125,0,0.078125,0,0.078125,0,0.09375,0,
146,50,2,0.078125,0,0.0625,0,0.078125,0,0.046875,0,0.0625,0,0.0625,0,0.09375,0,0.078125,0,0.078125,0,0.046875,0,0.078125,0,0.0625,0,0.09375,0,0.0625,0,0.0625,0,0.078125,0,0.0625,0.333333,0.09375,0,0.078125,0,0.078125,0,0.0625,0,0.0625,0,0.0625,0,0.078125,0,0.078125,0,0.078125,0,0.0625,0,0.0625,0,0.0625,0,0.0625,0,0.0625,0,0.0625,0,0.078125,0,0.078125,0,0.0625,0,0.078125,0,0.0625,0,0.0625,0,0.078125,0,0.0625,0,0.078125,0,0.078125,0,0.0625,0,0.078125,0,0.046875,0,0.0625,0,0.046875,0.2,0.0625,0,0.0625,0,0.078125,0,
147,50,2,0.078125,0,0.09375,0,0.046875,0,0.09375,0,0.0625,0,0.078125,0,0.046875,0,0.09375,0,0.0625,0,0.09375,0.133333,0.078125,0,0.125,0,0.09375,0,0.0625,0,0.0625,0,0.078125,0,0.09375,0,0.09375,0,0.0625,0,0.078125,0,0.078125,0,0.078125,0,0.078125,0,0.09375,0.133333,0.078125,0,0.046875,0,0.078125,0,0.0625,0,0.078125,0,0.0625,0,0.0625,0,0.0625,0,0.078125,0,0.078125,0,0.0625,0,0.078125,0,0.09375,0,0.078125,0,0.078125,0,0.078125,0,0.0625,0,0.078125,0,0.078125,0.533333,0.0625,0,0.0625,0,0.09375,0,0.078125,0,0.09375,0,0.046875,0,0.09375,0,
148,50,2,0.0625,0,0.078125,0,0.078125,0,0.078125,0,0.09375,1.0714,0.078125,0.533333,0.078125,0,0.0625,0,0.078125,0,0.078125,0,0.046875,0,0.0625,0,0.078125,0,0.078125,0,0.046875,0,0.078125,0,0.078125,0,0.09375,0,0.0625,0,0.0625,0,0.0625,0,0.0625,0,0.0625,0,0.0625,0,0.0625,0,0.046875,0,0.078125,0,0.09375,0,0.078125,0,0.09375,0,0.0625,0.733333,0.078125,0,0.09375,0,0.078125,0,0.0625,0,0.078125,0,0.078125,0,0.078125,0,0.0625,0,0.078125,0,0.109375,0,0.0625,0,0.109375,0,0.078125,0,0.0625,0,0.078125,0,0.09375,0,0.0625,0,0.078125,0,0.0625,0,
149,50,2,0.0625,0,0.046875,0,0.09375,0,0.078125,0,0.046875,0,0.078125,0,0.078125,0,0.078125,0,0.0625,0,0.078125,0,0.078125,0,0.109375,0.4,0.0625,0,0.09375,0,0.0625,0,0.09375,0,0.09375,0,0.0625,0,0.078125,0,0.09375,0,0.109375,0,0.078125,0,0.078125,0,0.0625,0,0.078125,0,0.0625,0,0.125,0,0.0625,0,0.0625,0,0.078125,0,0.0625,0,0.078125,0,0.09375,0,0.09375,0,0.09375,0,0.078125,0,0.09375,0,0.09375,0,0.046875,0,0.078125,0,0.078125,0.533333,0.078125,0,0.078125,0,0.0625,0,0.09375,0,0.078125,0,0.078125,0,0.0625,0,0.078125,0,0.109375,0,
150,50,2,0.09375,0,0.078125,0,0.0625,0,0.09375,0,0.0625,0,0.078125,0,0.0625,0,0.078125,0,0.078125,0.533333,0.0625,0,0.078125,0,0.109375,0,0.09375,0,0.0625,0,0.078125,0,0.09375,0,0.078125,0,0.078125,0.733333,0.078125,0,0.09375,0,0.0625,0,0.0625,0,0.0625,0,0.09375,0,0.0625,0,0.078125,0,0.078125,0,0.0625,0,0.0625,0,0.078125,0,0.109375,0.333333,0.078125,0,0.0625,0,0.0625,0,0.0625,0,0.078125,0,0.09375,0,0.09375,0,0.0625,0,0.078125,0,0.078125,0,0.0625,0,0.078125,0,0.078125,0,0.078125,0,0.0625,0.2,0.0625,0,0.0625,0,0.0625,0.2,0.09375,0,
151,50,2,0.09375,0,0.09375,0,0.0625,0,0.078125,0,0.09375,0,0.046875,0,0.078125,0.666667,0.078125,0,0.0625,0,0.09375,0,0.078125,0,0.0625,0,0.078125,0,0.078125,0.733333,0.0625,0,0.0625,0,0.078125,0,0.09375,0,0.0625,0,0.0625,0.266667,0.0625,0,0.078125,0,0.078125,0,0.0625,0,0.046875,0,0.0625,0,0.0625,0,0.078125,0,0.078125,0,0.046875,0.866667,0.09375,0,0.0625,0,0.0625,0,0.078125,0,0.078125,0,0.078125,0,0.078125,0,0.078125,0,0.0625,0,0.046875,0,0.0625,0,0.09375,0,0.0625,0,0.125,0,0.109375,0,0.078125,0,0.078125,0,0.078125,0,0.078125,0.8,0.0625,0,
152,50,2,0.03125,0,0.09375,0.832352,0.09375,0,0.09375,0,0.078125,0,0.078125,0,0.0625,0,0.0625,0,0.09375,0.6,0.078125,0,0.078125,0.466667,0.0625,0,0.0625,0,0.0625,0,0.09375,0,0.078125,0,0.078125,0,0.078125,0.666667,0.0625,0,0.0625,0,0.0625,0,0.078125,0,0.078125,0,0.078125,0,0.0625,0,0.09375,0,0.09375,0,0.078125,0,0.0625,0,0.0625,0,0.109375,0,0.078125,0,0.0625,0,0.078125,0,0.0625,0,0.0625,0,0.046875,0,0.0625,0,0.109375,0,0.09375,0,0.078125,0,0.078125,0,0.078125,0,0.078125,0,0.078125,0,0.078125,0,0.078125,0,0.0625,0,0.0625,0,0.078125,0,
153,50,2,0.09375,0,0.046875,0,0.046875,0,0.046875,0,0.078125,0,0.0625,0,0.078125,0.666667,0.078125,0,0.0625,0,0.0625,0,0.0625,0,0.0625,0,0.0625,0,0.078125,0,0.078125,0,0.046875,0,0.078125,0,0.09375,0,0.078125,0,0.078125,0.2,0.0625,0,0.0625,0,0.078125,0,0.09375,0.2,0.0625,0,0.0625,0,0.078125,0,0.046875,0,0.109375,0,0.109375,0.333333,0.078125,0,0.0625,0,0.078125,0,0.09375,0.6,0.09375,0,0.0625,0,0.078125,0,0.0625,0,0.0625,0,0.078125,0,0.0625,0,0.078125,0,0.078125,0,0.078125,0,0.078125,0,0.0625,0,0.0625,0.2,0.078125,0,0.078125,0.866667,0.09375,0,
154,50,2,0.078125,0,0.09375,0,0.109375,0,0.09375,0,0.09375,0,0.078125,0.6,0.109375,0.333333,0.0625,0,0.078125,0,0.09375,0,0.0625,0,0.09375,0,0.09375,0,0.0625,0,0.078125,0,0.078125,0,0.078125,0,0.09375,0,0.109375,0,0.078125,0,0.078125,0,0.0625,0,0.125,0,0.0625,0,0.0625,0,0.078125,0,0.078125,0,0.078125,0,0.0625,0,0.109375,0.933333,0.0625,0,0.078125,0,0.09375,0,0.0625,0,0.0625,0,0.125,0,0.046875,0,0.0625,0,0.078125,0,0.078125,0,0.0625,0,0.0625,0,0.0625,0,0.078125,0,0.078125,0,0.0625,0.133333,0.09375,0,0.0625,0,0.0625,0,0.078125,0,
155,50,2,0.0625,0,0.09375,0,0.078125,0,0.078125,0,0.078125,0,0.0625,0,0.078125,0,0.078125,0,0.0625,0,0.09375,0,0.09375,0,0.109375,0,0.078125,0,0.0625,0,0.09375,0,0.0625,0,0.0625,0,0.09375,0.960948,0.078125,0,0.078125,0,0.078125,0,0.046875,0,0.078125,0,0.109375,0,0.078125,0,0.09375,0,0.09375,0,0.09375,0,0.0625,0.533333,0.0625,0,0.078125,0,0.109375,0,0.0625,0.133333,0.0625,0,0.0625,0,0.078125,0,0.109375,0,0.078125,0,0.078125,0,0.0625,0,0.09375,0,0.078125,0,0.078125,0,0.078125,0,0.0625,0,0.0625,0,0.046875,0,0.078125,0,0.0625,0,0.109375,0.866667,
156,50,2,0.09375,0,0.09375,0.4,0.078125,0,0.09375,0,0.078125,0.466667,0.078125,0,0.09375,0,0.0625,0,0.09375,0,0.078125,0,0.125,0,0.09375,0.2,0.078125,0,0.0625,0,0.140625,0.866667,0.109375,0.866667,0.078125,0,0.046875,0.2,0.078125,0,0.078125,0.466667,0.0625,0,0.0625,0.466667,0.09375,0,0.0625,0,0.078125,0,0.109375,0,0.09375,0,0.046875,0,0.0625,0,0.046875,0,0.078125,0.2,0.078125,0,0.078125,0,0.0625,0,0.109375,0,0.109375,0,0.078125,0,0.0625,0,0.078125,0,0.078125,0,0.09375,0.533333,0.078125,0,0.109375,0,0.09375,0.466667,0.09375,0,0.078125,0,0.0625,0,0.09375,0,0.0625,0,0.078125,0,
157,50,2,0.0625,0,0.0625,0,0.078125,0,0.046875,0,0.078125,0,0.0625,0,0.09375,0,0.0625,0,0.03125,0,0.078125,0,0.078125,0,0.078125,0,0.078125,0,0.078125,0,0.078125,0,0.078125,0,0.09375,0,0.0625,0,0.09375,0.8,0.0625,0,0.046875,0,0.0625,0,0.0625,0,0.0625,0,0.078125,0,0.0625,0,0.09375,0,0.0625,0,0.078125,0,0.109375,0.266667,0.0625,0,0.140625,0.694281,0.109375,0,0.046875,0,0.0625,0,0.078125,0,0.078125,0,0.0625,0,0.078125,0,0.078125,0,0.109375,0,0.078125,0.466667,0.046875,0,0.109375,0,0.078125,0,0.125,0,0.09375,0,0.078125,0,0.078125,0,0.078125,0,
158,50,2,0.078125,0,0.09375,0,0.078125,0,0.078125,0,0.0625,0,0.125,0.938071,0.078125,0,0.0625,0,0.09375,0,0.078125,0,0.0625,0.0666667,0.0625,0,0.109375,0,0.09375,0,0.109375,0.266667,0.09375,0,0.09375,0,0.0625,0,0.109375,0,0.109375,0,0.046875,0,0.078125,0.466667,0.046875,0,0.078125,0,0.09375,0,0.0625,0,0.0625,0,0.078125,0,0.0625,0,0.0625,0.733333,0.0625,0,0.0625,0,0.09375,0,0.0625,0,0.078125,0,0.078125,0,0.0625,0,0.0625,0.133333,0.09375,0,0.09375,0,0.078125,0,0.078125,0,0.0625,0,0.09375,0,0.09375,0.4,0.078125,0,0.078125,0,0.078125,0,0.09375,0,0.078125,0,
159,50,2,0.078125,0,0.078125,0,0.09375,0.738071,0.09375,0,0.078125,0,0.078125,0,0.078125,0,0.046875,0,0.078125,0.733333,0.078125,0,0.046875,0,0.0625,0,0.078125,0,0.09375,0.133333,0.078125,0,0.0625,0,0.09375,0,0.0625,0,0.125,0,0.078125,0,0.078125,0,0.078125,0,0.078125,0,0.078125,0,0.078125,0.466667,0.078125,0,0.09375,0,0.078125,0,0.125,0,0.0625,0,0.0625,0,0.09375,0,0.078125,0,0.046875,0,0.0625,0,0.09375,0,0.078125,0,0.0625,0,0.09375,0,0.078125,0,0.078125,0,0.078125,0.133333,0.09375,0,0.0625,0,0.109375,0,0.0625,0,0.0625,0,0.0625,0,0.078125,0,0.09375,0,
160,50,2,0.09375,0,0.078125,0,0.078125,0,0.0625,0.933333,0.125,0,0.0625,0,0.078125,0,0.078125,0,0.09375,0,0.046875,0,0.0625,0.0666667,0.03125,0,0.0625,0,0.09375,0,0.078125,0,0.046875,0,0.0625,0,0.0625,0,0.078125,0,0.078125,0,0.0625,0,0.078125,0,0.078125,0,0.0625,0,0.0625,0,0.078125,0,0.09375,0.4,0.046875,0,0.078125,0,0.078125,0,0.078125,0,0.078125,0,0.078125,0,0.109375,0,0.078125,0,0.078125,0,0.09375,0.866667,0.078125,0,0.09375,0.6,0.0625,0,0.0625,0,0.125,0,0.078125,0,0.078125,0.133333,0.109375,0,0.0625,0,0.078125,0,0.078125,0,0.0625,0,0.078125,0.533333,
161,50,2,0.0625,0,0.09375,0.533333,0.09375,0,0.078125,0,0.109375,0.933333,0.078125,0,0.0625,0,0.09375,0,0.078125,0,0.109375,0,0.109375,0.266667,0.078125,0,0.046875,0,0.09375,0,0.078125,0,0.09375,0,0.0625,0,0.078125,0,0.09375,0,0.09375,0,0.078125,0,0.078125,0.6,0.09375,0,0.046875,0,0.078125,0,0.0625,0,0.09375,0,0.078125,0,0.09375,0,0.078125,0.866667,0.125,0,0.078125,0,0.0625,0,0.09375,0,0.09375,0,0.0625,0,0.0625,0,0.09375,0,0.09375,0,0.0625,0,0.125,1.71711,0.078125,0,0.078125,0,0.109375,0,0.0625,0,0.078125,0,0.078125,0,0.0625,0,0.0625,0,0.09375,0,
162,50,2,0.078125,0.6,0.109375,0.0666667,0.09375,0.616176,0.125,0,0.078125,0,0.0625,0,0.09375,0.949509,0.109375,0.933333,0.0625,0,0.078125,0,0.078125,0,0.0625,0,0.078125,0,0.078125,0.466667,0.109375,0,0.109375,0.0666667,0.09375,0,0.0625,0,0.09375,0,0.0625,0,0.09375,0,0.109375,0,0.109375,0,0.09375,0,0.0625,0,0.046875,0,0.078125,0,0.125,0,0.046875,0,0.078125,0,0.09375,0,0.125,0,0.078125,0,0.09375,0,0.0625,0,0.09375,0,0.0625,0,0.078125,0,0.09375,0,0.0625,0,0.109375,0.0666667,0.09375,0,0.09375,0,0.078125,0,0.0625,0,0.078125,0,0.0625,0,0.078125,0,0.0625,0,0.109375,0.0666667,
163,50,2,0.125,0.6,0.078125,0.866667,0.0625,0,0.09375,0,0.078125,0,0.0625,0,0.109375,0,0.0625,0,0.0625,0,0.078125,0,0.09375,0,0.09375,0,0.078125,0,0.078125,0,0.078125,0,0.078125,0,0.078125,0,0.09375,0,0.09375,0,0.046875,0,0.109375,0,0.109375,0.133333,0.09375,0,0.078125,0,0.125,0,0.0625,0.466667,0.0625,0,0.078125,0,0.046875,0,0.078125,0,0.125,1.12663,0.078125,0,0.078125,0,0.109375,0.733333,0.09375,0,0.0625,0,0.09375,0,0.078125,0,0.0625,0,0.09375,0,0.078125,0,0.078125,0,0.0625,0,0.09375,0,0.046875,0,0.0625,0,0.09375,0.866667,0.0625,0,0.0625,0,0.0625,0,
164,50,2,0.0625,0,0.078125,0.6,0.09375,0,0.109375,0,0.0625,0,0.0625,0,0.09375,0,0.0625,0,0.0625,0,0.078125,0,0.0625,0,0.078125,0,0.0625,0,0.109375,0,0.078125,0,0.078125,0.466667,0.0625,0,0.078125,0,0.0625,0,0.09375,0,0.046875,0,0.0625,0,0.078125,0.8,0.046875,0,0.09375,1.00474,0.0625,0,0.078125,0.466667,0.09375,0.6,0.078125,0,0.09375,0,0.046875,0,0.0625,0,0.0625,0,0.09375,0,0.09375,0,0.0625,0,0.078125,0,0.0625,0.4,0.078125,0,0.0625,0,0.078125,0,0.078125,0,0.109375,0.866667,0.109375,0.866667,0.078125,0,0.09375,0,0.09375,0,0.0625,0,0.078125,0,0.078125,0,
165,50,2,0.125,0,0.109375,0,0.09375,0,0.078125,0,0.0625,0,0.078125,0,0.0625,0,0.0625,0,0.046875,0,0.09375,0,0.078125,0,0.09375,0,0.09375,0,0.078125,0,0.109375,0.866667,0.109375,0,0.078125,0,0.0625,0,0.078125,0,0.09375,0,0.109375,0,0.09375,0,0.0625,0,0.078125,0.533333,0.09375,0,0.09375,0,0.078125,0,0.09375,0,0.0625,0,0.09375,0,0.0625,0,0.078125,0,0.109375,0.0666667,0.0625,0,0.078125,0,0.09375,0,0.09375,0,0.046875,0,0.078125,0,0.09375,0,0.078125,0,0.09375,0.6,0.078125,0,0.0625,0,0.0625,0,0.0625,0,0.0625,0,0.109375,0,0.046875,0,0.078125,0,
166,50,2,0.09375,0.266667,0.078125,0,0.0625,0,0.09375,0,0.078125,0,0.078125,0,0.109375,0,0.0625,0,0.09375,0.266667,0.078125,0,0.0625,0,0.109375,0.921895,0.09375,0,0.0625,0.266667,0.078125,0,0.09375,0.866667,0.0625,0,0.09375,0,0.078125,0,0.09375,0,0.078125,0,0.0625,0,0.09375,0,0.078125,0,0.078125,0,0.078125,0,0.0625,0,0.09375,0.266667,0.09375,0,0.078125,0,0.09375,0,0.078125,0,0.09375,0,0.0625,0.266667,0.0625,0,0.078125,0,0.0625,0,0.09375,0,0.09375,0.533333,0.078125,0,0.078125,0.533333,0.0625,0,0.09375,0,0.046875,0,0.09375,0,0.078125,0,0.0625,0,0.0625,0,0.078125,0,0.09375,0,
167,50,2,0.09375,0,0.078125,0,0.0625,0,0.09375,0,0.09375,0,0.078125,0.466667,0.078125,0,0.078125,0,0.078125,0.666667,0.078125,0.866667,0.09375,0,0.078125,0,0.078125,0.466667,0.078125,0,0.0625,0,0.078125,0,0.078125,0,0.109375,0,0.078125,0,0.0625,0,0.078125,0,0.09375,0,0.0625,0,0.046875,0,0.078125,0,0.09375,0,0.109375,0,0.0625,0,0.109375,0.733333,0.0625,0,0.09375,0,0.0625,0,0.09375,0,0.078125,0,0.078125,0,0.078125,0,0.0625,0,0.0625,0,0.140625,0.6,0.0625,0,0.0625,0,0.09375,0,0.09375,0.6,0.0625,0,0.09375,0,0.078125,0,0.109375,0,0.09375,0,0.046875,0,0.046875,0,
168,50,2,0.09375,0,0.09375,0,0.09375,0,0.078125,0.666667,0.078125,0,0.0625,0,0.078125,0,0.0625,0,0.0625,0,0.078125,0,0.078125,0,0.0625,0,0.078125,0,0.0625,0,0.0625,0,0.09375,0,0.078125,0.4,0.0625,0,0.109375,0,0.09375,0,0.0625,0,0.078125,0,0.078125,0,0.078125,0,0.078125,0,0.0625,0,0.09375,0,0.09375,0,0.09375,0.882843,0.09375,0,0.078125,0,0.046875,0,0.078125,0,0.0625,0,0.109375,0.666667,0.0625,0,0.078125,0,0.046875,0,0.0625,0,0.078125,0,0.046875,0,0.09375,0,0.078125,0,0.078125,0,0.078125,0,0.0625,0,0.109375,1.03235,0.0625,0,0.078125,0,0.09375,0,
169,50,2,0.078125,0,0.078125,0,0.09375,0,0.078125,0,0.03125,0.933333,0.0625,0,0.09375,0,0.0625,0,0.09375,0,0.09375,0,0.0625,0,0.09375,0,0.09375,0,0.078125,0,0.0625,0,0.078125,0,0.109375,0.866667,0.109375,0.8,0.09375,0,0.078125,0,0.109375,0.866667,0.078125,0,0.078125,0,0.078125,0,0.109375,0,0.078125,0,0.109375,0.965685,0.0625,0,0.078125,0,0.09375,0,0.0625,0,0.09375,0,0.078125,0,0.078125,0,0.078125,0,0.109375,0.866667,0.09375,0.666667,0.078125,0,0.078125,0,0.0625,0,0.078125,0,0.09375,0,0.078125,0,0.09375,0,0.09375,0,0.0625,0,0.09375,0,0.0625,0,0.078125,0,0.078125,0,
170,50,2,0.09375,0,0.0625,0,0.0625,0,0.078125,0,0.078125,0,0.0625,0,0.0625,0,0.078125,0,0.0625,0,0.0625,0,0.046875,0,0.09375,0,0.109375,0,0.078125,0,0.109375,0,0.09375,0,0.109375,0.866667,0.0625,0,0.078125,0,0.0625,0,0.078125,0,0.0625,0,0.078125,0,0.078125,0,0.09375,0,0.046875,0,0.078125,0,0.0625,0,0.0625,0,0.046875,0,0.078125,0,0.078125,0,0.0625,0,0.078125,0,0.109375,0,0.078125,0,0.0625,0,0.046875,0,0.078125,0,0.140625,0.938071,0.09375,0,0.109375,0.8,0.078125,0,0.0625,0,0.109375,0,0.09375,0,0.109375,0,0.0625,0,0.078125,0,0.078125,0,
171,50,2,0.0625,0,0.109375,0,0.078125,0,0.078125,0,0.078125,0,0.078125,0,0.09375,0,0.0625,0,0.0625,0,0.0625,0,0.0625,0,0.09375,0,0.078125,0,0.09375,0,0.109375,0,0.0625,0,0.078125,0.466667,0.125,0.866667,0.09375,0,0.09375,0,0.09375,0,0.09375,0.533333,0.078125,0,0.09375,0.8,0.078125,0,0.09375,0,0.0625,0,0.0625,0,0.0625,0,0.078125,0,0.09375,0,0.109375,0,0.078125,0,0.0625,0,0.0625,0,0.078125,0,0.078125,0,0.109375,0.866667,0.078125,0,0.0625,0,0.078125,0,0.0625,0,0.078125,0,0.0625,0,0.09375,0,0.078125,0,0.046875,0,0.078125,0,0.0625,0,0.125,1.08758,
172,50,2,0.09375,0,0.078125,0,0.078125,0,0.0625,0,0.0625,0,0.078125,0.333333,0.046875,0,0.09375,0,0.078125,0,0.078125,0.6,0.078125,0,0.0625,0,0.078125,0,0.09375,0,0.09375,0,0.125,0,0.078125,0,0.09375,0,0.078125,0,0.09375,0,0.0625,0,0.0625,0,0.0625,0,0.0625,0,0.109375,0,0.0625,0,0.0625,0,0.078125,0,0.09375,0,0.078125,0,0.125,0,0.109375,0.866667,0.09375,0.533333,0.078125,0.333333,0.0625,0,0.109375,0.866667,0.078125,0,0.078125,0,0.078125,0,0.078125,0,0.078125,0,0.078125,0.333333,0.109375,1.5742,0.0625,0,0.09375,0,0.078125,0.533333,0.0625,0,0.09375,0,0.03125,0,0.078125,0.333333,
173,50,2,0.078125,0,0.0625,0,0.046875,0,0.078125,0,0.078125,0,0.109375,0,0.09375,0,0.09375,0,0.109375,0,0.09375,0.666667,0.0625,0,0.078125,0,0.09375,0,0.09375,0.533333,0.09375,0,0.109375,0,0.046875,0,0.0625,0.266667,0.078125,0,0.09375,0,0.09375,0,0.109375,0,0.109375,0.0666667,0.078125,0,0.0625,0,0.078125,0,0.03125,0,0.078125,0,0.09375,0,0.09375,0,0.0625,0,0.0625,0,0.078125,0.866667,0.109375,0.8,0.109375,0,0.078125,0.8,0.078125,0,0.109375,0.733333,0.0625,0,0.09375,0,0.09375,0.533333,0.125,0,0.09375,0,0.078125,0,0.109375,0,0.078125,0,0.078125,0.4,0.0625,0,0.078125,0,0.0625,0,
174,50,2,0.078125,0,0.0625,0,0.0625,0,0.0625,0,0.078125,0.2,0.078125,0,0.09375,0,0.078125,0,0.078125,0,0.078125,0,0.0625,0,0.078125,0,0.09375,0.6,0.078125,0.933333,0.109375,0,0.078125,0,0.078125,0,0.0625,0,0.09375,0,0.09375,0,0.09375,0,0.09375,0,0.078125,0,0.0625,0,0.09375,0,0.078125,0,0.078125,0,0.109375,0,0.078125,0,0.09375,0,0.078125,0,0.09375,0,0.09375,0,0.078125,0,0.078125,0,0.109375,0.866667,0.046875,0,0.078125,0,0.09375,0.266667,0.09375,0.4,0.078125,0,0.078125,0,0.078125,0.866667,0.078125,0,0.078125,0.2,0.109375,0.0666667,0.09375,1.03235,0.09375,0,0.0625,0,0.078125,0,
175,50,2,0.09375,0,0.125,0,0.078125,0,0.0625,0,0.078125,0,0.078125,0.533333,0.078125,0,0.078125,0,0.0625,0,0.078125,0,0.09375,0,0.109375,0,0.0625,0,0.109375,0.8,0.09375,0,0.09375,0,0.078125,0,0.0625,0,0.078125,0,0.109375,0,0.078125,0,0.078125,0,0.078125,0,0.078125,0.533333,0.09375,0.8,0.0625,0,0.125,0,0.109375,1.29232,0.09375,0,0.078125,0,0.09375,0,0.078125,0,0.125,0,0.078125,0.533333,0.078125,0,0.0625,0,0.0625,0,0.0625,0.266667,0.09375,0,0.046875,0,0.15625,1.48302,0.078125,0,0.0625,0,0.0625,0,0.0625,0,0.078125,0,0.109375,0.0666667,0.078125,1.04379,0.09375,0,0.09375,0,
176,50,2,0.09375,0,0.078125,0.8,0.078125,0,0.109375,0,0.0625,0,0.125,0,0.078125,0,0.078125,0,0.078125,0,0.078125,0,0.078125,0,0.078125,0,0.09375,0,0.078125,0,0.078125,0.266667,0.046875,0.733333,0.078125,0.266667,0.0625,0,0.078125,0,0.125,1.29232,0.109375,0,0.09375,0,0.0625,0,0.078125,0,0.078125,0,0.109375,0.866667,0.109375,0,0.078125,0,0.0625,0,0.078125,0,0.078125,0,0.078125,0.866667,0.109375,0,0.0625,0,0.078125,0,0.0625,0,0.046875,0,0.109375,0,0.078125,0,0.046875,0,0.09375,0,0.0625,0,0.09375,0,0.078125,0,0.0625,0,0.0625,0,0.109375,0,0.078125,0,0.078125,0,0.0625,0,
177,50,2,0.078125,0,0.109375,0,0.078125,0,0.078125,0,0.078125,0.333333,0.078125,0,0.0625,0,0.078125,0,0.109375,0.866667,0.09375,0,0.109375,0,0.0625,0,0.078125,0,0.078125,0,0.09375,0,0.0625,0,0.078125,0,0.09375,0,0.078125,0,0.046875,0,0.046875,0,0.078125,0,0.0625,0,0.078125,0,0.09375,0,0.078125,0,0.0625,0,0.109375,0,0.0625,0,0.078125,0,0.09375,0,0.09375,0,0.078125,0,0.078125,0,0.078125,0,0.078125,0,0.09375,0,0.078125,0,0.078125,0,0.078125,0,0.09375,0.533333,0.078125,0,0.0625,0,0.078125,0,0.078125,0,0.125,0,0.109375,1.0714,0.0625,0,0.0625,0.8,0.078125,0,
178,50,2,0.078125,0,0.078125,0,0.078125,0,0.078125,0,0.078125,0,0.046875,0,0.078125,0,0.078125,0,0.109375,0,0.078125,0,0.09375,0,0.0625,0,0.078125,0,0.078125,0,0.09375,0.666667,0.0625,0,0.109375,0,0.078125,0,0.0625,0,0.09375,0,0.09375,0,0.078125,0,0.09375,0.466667,0.0625,0,0.09375,0.6,0.078125,0,0.09375,0,0.09375,0,0.078125,0,0.078125,0,0.0625,0,0.046875,0,0.078125,0,0.0625,0,0.078125,0,0.078125,0,0.078125,0,0.046875,0,0.078125,0,0.0625,0,0.0625,0.2,0.125,0,0.078125,0,0.109375,0,0.078125,0.533333,0.09375,0,0.078125,0,0.109375,0.733333,0.078125,0,0.0625,0,
179,50,2,0.109375,1.23709,0.078125,0.2,0.09375,0,0.109375,0.666667,0.09375,0,0.0625,0,0.078125,0,0.09375,0,0.078125,0,0.09375,0,0.078125,0.666667,0.0625,0,0.0625,0,0.078125,0,0.0625,0,0.0625,0.4,0.0625,0,0.0625,0,0.09375,0,0.078125,0,0.0625,0,0.09375,0.666667,0.125,0.894281,0.109375,0,0.09375,0,0.09375,0,0.09375,0,0.09375,0,0.078125,0,0.109375,0,0.109375,0,0.0625,0,0.046875,0,0.078125,0,0.078125,0,0.078125,0,0.0625,0,0.0625,0,0.046875,0,0.09375,0,0.0625,0,0.0625,0.133333,0.078125,0.2,0.09375,0.6,0.078125,0,0.046875,0,0.078125,0,0.09375,0,0.0625,0,0.078125,0,
180,50,2,0.109375,0.8,0.078125,0,0.0625,0,0.09375,0,0.09375,0,0.09375,0,0.078125,0,0.109375,0,0.078125,0,0.078125,0,0.09375,0,0.109375,0,0.109375,0,0.078125,0,0.109375,0,0.09375,0.533333,0.0625,0,0.09375,0.4,0.078125,0.866667,0.0625,0,0.078125,0,0.078125,0,0.078125,0.533333,0.09375,0,0.078125,0,0.09375,0,0.078125,0,0.078125,0,0.09375,0.866667,0.078125,0.0666667,0.078125,0,0.078125,0,0.09375,0.466667,0.078125,0,0.09375,0,0.0625,0,0.0625,0,0.078125,0.0666667,0.09375,0,0.09375,0,0.0625,0,0.09375,0,0.078125,0,0.078125,0,0.078125,0,0.046875,0,0.078125,0,0.078125,0,0.078125,0,0.046875,0,
181,50,2,0.078125,0.866667,0.140625,1.7059,0.0625,0,0.09375,0,0.0625,0,0.078125,0,0.125,0,0.078125,0,0.109375,0.0666667,0.09375,0,0.078125,0,0.0625,0,0.09375,0,0.078125,0,0.078125,0.533333,0.0625,0,0.078125,0,0.09375,0,0.0625,0,0.078125,0,0.09375,0,0.0625,0,0.09375,0.533333,0.078125,0,0.078125,0,0.09375,0,0.078125,0,0.09375,0,0.0625,0,0.0625,0,0.09375,0,0.078125,0,0.078125,0.2,0.0625,0,0.0625,0,0.0625,0,0.0625,0,0.078125,0,0.078125,0,0.0625,0,0.078125,0,0.0625,0.0666667,0.0625,0,0.078125,0.466667,0.09375,0.466667,0.109375,0,0.046875,0,0.078125,0,0.0625,0,0.078125,0,
182,50,2,0.109375,0,0.09375,0,0.078125,0,0.09375,0,0.078125,0,0.078125,0,0.078125,0,0.0625,0,0.078125,0,0.140625,0.866667,0.0625,0,0.09375,0.533333,0.0625,0,0.078125,0.133333,0.078125,0,0.078125,0,0.0625,0,0.078125,0,0.078125,0,0.078125,0,0.09375,0,0.0625,0,0.09375,0,0.046875,0,0.0625,0,0.0625,0,0.125,0,0.046875,0,0.0625,0,0.09375,0,0.078125,0,0.046875,0,0.0625,0,0.0625,0,0.078125,0,0.09375,0,0.125,0,0.109375,0.933333,0.078125,0.533333,0.078125,0,0.078125,0,0.0625,0,0.09375,0,0.09375,0.866667,0.09375,0,0.0625,0,0.0625,0,0.078125,0,0.078125,0,0.078125,0,
183,50,2,0.0625,0,0.078125,0,0.078125,0,0.09375,0,0.09375,0,0.09375,0,0.0625,0,0.09375,0,0.09375,0,0.078125,0,0.0625,0,0.046875,0,0.0625,0,0.078125,0,0.0625,0,0.078125,0,0.0625,0,0.0625,0,0.078125,0,0.109375,0,0.078125,0,0.078125,0,0.109375,0,0.09375,0,0.09375,0,0.078125,0,0.046875,0,0.09375,0.266667,0.0625,0,0.078125,0,0.09375,0,0.09375,0,0.078125,0,0.078125,0,0.0625,0,0.0625,0,0.078125,0,0.0625,0,0.0625,0,0.078125,0.133333,0.09375,0,0.078125,0,0.0625,0,0.09375,0,0.0625,0,0.0625,0,0.078125,0,0.078125,0,0.09375,0,0.078125,0,
184,50,2,0.078125,0,0.0625,0,0.078125,0,0.09375,0.466667,0.078125,0,0.0625,0,0.078125,0,0.109375,0,0.109375,0,0.109375,0,0.078125,0,0.078125,0,0.09375,0.466667,0.0625,0,0.078125,0,0.0625,0,0.09375,0,0.09375,0,0.09375,0,0.0625,0,0.078125,0,0.078125,0,0.09375,0,0.078125,0,0.09375,0,0.078125,0,0.046875,0,0.078125,0,0.0625,0,0.0625,0,0.09375,0,0.078125,0,0.078125,0,0.0625,0,0.078125,0,0.109375,0,0.078125,0.133333,0.078125,0,0.078125,0,0.0625,0,0.078125,0,0.109375,0,0.09375,0,0.09375,0.8,0.09375,0,0.0625,0,0.078125,0,0.078125,0,0.09375,0,0.09375,0,
185,50,2,0.078125,0,0.09375,0,0.078125,0.4,0.0625,0,0.078125,0.4,0.0625,0,0.0625,0,0.09375,0.133333,0.046875,0,0.0625,0,0.109375,0,0.09375,0,0.078125,0,0.125,0,0.078125,0,0.09375,0,0.0625,0,0.078125,0,0.09375,0,0.078125,0,0.0625,0,0.109375,0,0.078125,0,0.03125,0,0.078125,0,0.09375,0,0.09375,0,0.046875,0,0.09375,0,0.09375,0,0.046875,0.733333,0.0625,0,0.09375,0,0.109375,0.866667,0.09375,0,0.078125,0,0.109375,0.8,0.078125,0,0.125,0,0.078125,0,0.109375,0.8,0.078125,0,0.109375,0,0.109375,0.8,0.09375,0,0.0625,0,0.078125,0,0.09375,0.133333,0.078125,0.866667,0.078125,0,
186,50,2,0.078125,0,0.0625,0,0.109375,0,0.0625,0,0.0625,0.4,0.078125,0,0.0625,0,0.109375,0,0.09375,0,0.078125,0,0.09375,0,0.0625,0,0.0625,0,0.0625,0,0.078125,0,0.0625,0,0.125,0,0.09375,0,0.078125,0,0.0625,0,0.078125,0.133333,0.078125,0,0.09375,0,0.0625,0,0.078125,0,0.0625,0,0.09375,0,0.078125,0,0.0625,0,0.078125,0,0.09375,0.8,0.09375,0,0.046875,0.8,0.0625,0,0.078125,0,0.078125,0,0.0625,0,0.09375,0,0.078125,0,0.078125,0,0.078125,0,0.09375,0,0.09375,0,0.0625,0,0.125,0.8,0.0625,0,0.109375,0,0.09375,0,0.09375,0,0.0625,0,
187,50,2,0.09375,0.533333,0.0625,0,0.078125,0,0.078125,0.733333,0.0625,0,0.109375,0,0.078125,0,0.125,0.894281,0.09375,0,0.09375,0,0.078125,0,0.078125,0,0.09375,0,0.078125,0,0.09375,0,0.03125,0,0.0625,0,0.0625,1.09902,0.078125,0,0.0625,0,0.109375,0.933333,0.109375,0,0.0625,0,0.0625,0,0.109375,0,0.140625,1.18186,0.078125,0,0.109375,0,0.0625,0,0.046875,0,0.125,0,0.109375,0,0.078125,0,0.0625,0,0.078125,0,0.09375,0,0.078125,0,0.0625,0,0.0625,0,0.109375,0,0.125,1.5742,0.15625,1.29232,0.078125,0,0.09375,0,0.109375,0,0.078125,0,0.0625,0,0.078125,0,0.046875,0,0.078125,0,
188,50,2,0.0625,0,0.109375,0,0.078125,0,0.09375,0,0.078125,0,0.046875,0,0.109375,0,0.109375,0,0.078125,0,0.078125,0,0.0625,0,0.09375,0,0.09375,0,0.125,0.6,0.046875,0,0.078125,0,0.09375,0,0.09375,0.866667,0.078125,0,0.109375,0,0.078125,0,0.09375,0,0.0625,0,0.09375,0,0.078125,0,0.109375,0,0.0625,0,0.09375,0,0.078125,0,0.125,0.855228,0.0625,0,0.078125,0,0.109375,0,0.140625,0.816176,0.109375,0,0.0625,0,0.09375,0,0.0625,0,0.0625,0,0.09375,0.133333,0.078125,0,0.09375,0.466667,0.109375,0,0.078125,0.533333,0.109375,0.8,0.078125,0,0.09375,0,0.078125,0,0.0625,0,0.0625,0,
189,50,2,0.078125,0,0.078125,0,0.09375,0,0.078125,0,0.125,1.0714,0.09375,0,0.078125,0,0.09375,0,0.109375,0,0.078125,0,0.078125,0,0.09375,0,0.109375,0,0.0625,0,0.125,0,0.109375,0.6,0.09375,0,0.078125,0,0.0625,0,0.078125,0,0.0625,0,0.078125,0,0.109375,0.8,0.078125,0,0.0625,0,0.078125,0,0.09375,0,0.0625,0,0.078125,0,0.09375,0,0.0625,0,0.046875,0,0.09375,0,0.078125,0,0.125,0,0.109375,0.6,0.09375,0,0.09375,0,0.0625,0,0.0625,0,0.0625,0,0.078125,0.133333,0.078125,0.4,0.078125,0,0.0625,0,0.09375,0,0.125,0,0.078125,0,0.09375,0,0.0625,0,
190,50,2,0.09375,0,0.078125,0,0.078125,0,0.109375,0,0.109375,0,0.078125,0,0.09375,0,0.09375,0,0.09375,0,0.109375,0,0.078125,0,0.0625,0,0.0625,0,0.0625,0,0.046875,0,0.078125,0,0.078125,0,0.0625,0,0.0625,0,0.125,0,0.09375,0,0.125,0,0.078125,0,0.09375,0,0.078125,0,0.078125,0,0.109375,0,0.109375,0.866667,0.078125,0,0.09375,0,0.09375,0,0.09375,0,0.078125,0,0.078125,0,0.078125,0,0.140625,1.23709,0.078125,0,0.078125,0.133333,0.078125,0,0.0625,0,0.109375,0.8,0.09375,0,0.09375,0,0.078125,0,0.09375,0,0.0625,0,0.125,0.933333,0.078125,0.866667,0.0625,0,0.09375,0,
191,50,2,0.078125,0,0.09375,0,0.078125,0,0.09375,0,0.078125,0,0.078125,0,0.0625,0,0.078125,0,0.09375,0,0.078125,0,0.078125,0,0.078125,0,0.078125,0,0.125,0,0.171875,1.56755,0.0625,0,0.078125,0,0.078125,0,0.09375,0,0.078125,0,0.0625,0,0.09375,0,0.078125,0,0.078125,0,0.078125,0,0.125,0.8,0.09375,0,0.09375,0.333333,0.09375,0,0.09375,0,0.078125,0,0.078125,0,0.0625,0,0.0625,0,0.09375,0,0.078125,0,0.09375,0,0.046875,0,0.09375,0,0.15625,1.83094,0.125,0,0.078125,0,0.09375,0,0.078125,0,0.0625,0,0.0625,0,0.09375,0,0.09375,0,0.078125,0,0.046875,0,
192,50,2,0.078125,0,0.15625,1.20305,0.0625,0,0.09375,0,0.109375,0,0.109375,0,0.09375,0,0.078125,0,0.09375,0,0.078125,0,0.078125,0,0.0625,0,0.078125,0,0.078125,0,0.078125,0,0.078125,0,0.09375,0,0.0625,0,0.0625,0,0.078125,0.666667,0.078125,0,0.09375,0,0.0625,0,0.078125,0,0.09375,0,0.109375,0,0.0625,0,0.09375,0,0.09375,0,0.078125,0,0.078125,0,0.09375,0,0.078125,0,0.140625,0.866667,0.0625,0,0.140625,1.14281,0.078125,0,0.109375,0,0.078125,0,0.09375,0,0.0625,0,0.09375,0,0.09375,0,0.09375,0,0.09375,0,0.078125,0,0.09375,0,0.109375,0,0.046875,0,0.078125,0,
193,50,2,0.078125,0,0.0625,0,0.078125,0,0.078125,0,0.0625,0,0.09375,0,0.078125,0,0.109375,0,0.078125,0,0.078125,0,0.09375,0,0.078125,0,0.078125,0,0.078125,0,0.078125,0,0.0625,0,0.09375,0,0.09375,0,0.078125,0,0.0625,0,0.078125,0,0.09375,0,0.09375,0,0.078125,0,0.0625,0,0.09375,0,0.0625,0,0.109375,0,0.078125,0,0.0625,0,0.078125,0,0.09375,0,0.078125,0,0.078125,0.133333,0.0625,0,0.09375,0,0.109375,0,0.078125,0,0.078125,0,0.125,0,0.125,0,0.0625,0.8,0.078125,0,0.078125,0,0.078125,0,0.0625,0,0.09375,0,0.09375,0,0.078125,0,0.0625,0,
194,50,2,0.171875,1.51064,0.078125,0,0.0625,0,0.09375,0,0.140625,1.20948,0.09375,0,0.078125,0,0.125,1.20948,0.078125,0,0.078125,0,0.125,0.6,0.109375,0.666667,0.0625,0,0.125,0,0.078125,0,0.078125,0,0.09375,0.866667,0.078125,0.4,0.078125,0,0.0625,0,0.09375,0,0.0625,0,0.09375,0,0.109375,0,0.0625,0,0.09375,0,0.09375,0,0.078125,0,0.109375,0,0.078125,0,0.078125,0,0.078125,0.6,0.109375,0,0.09375,0,0.09375,0.466667,0.0625,0,0.109375,0.666667,0.078125,0.533333,0.0625,0,0.140625,0.866667,0.109375,0,0.0625,0,0.078125,0,0.09375,0,0.09375,0,0.078125,0,0.109375,0,0.109375,0,0.046875,0,0.078125,0,
195,50,2,0.0625,0,0.09375,0,0.09375,0,0.078125,0,0.125,0.6,0.078125,0,0.0625,0,0.078125,0,0.078125,0,0.078125,0,0.0625,0,0.09375,0,0.0625,0,0.078125,0,0.0625,0,0.09375,0,0.078125,0,0.0625,0,0.078125,0,0.078125,0.8,0.0625,0,0.078125,0,0.09375,0,0.09375,0,0.078125,0,0.078125,0,0.109375,0,0.0625,0,0.109375,0.666667,0.109375,0,0.046875,0,0.125,1.17042,0.0625,0,0.078125,0,0.078125,0,0.078125,0,0.078125,0,0.0625,0,0.0625,0,0.078125,0.733333,0.078125,0,0.078125,0,0.0625,0,0.078125,0,0.09375,0,0.109375,0.733333,0.078125,0,0.078125,0,0.125,0,0.0625,0,
196,50,2,0.078125,0,0.078125,0,0.09375,0,0.078125,0,0.09375,0,0.09375,0,0.0625,0,0.078125,0,0.09375,0,0.0625,0,0.09375,0.733333,0.109375,0,0.09375,0,0.078125,0,0.125,0,0.078125,0,0.0625,0,0.078125,0,0.0625,0,0.0625,0,0.078125,0,0.109375,0,0.0625,0,0.09375,0,0.0625,0,0.078125,0,0.078125,0,0.109375,0.666667,0.09375,0,0.109375,0.8,0.078125,0,0.09375,0,0.078125,0,0.09375,0,0.078125,0,0.078125,0,0.09375,0,0.109375,0.866667,0.09375,0.466667,0.140625,0.721895,0.0625,0,0.109375,1.23709,0.078125,0,0.109375,0,0.078125,0,0.078125,0,0.109375,0.666667,0.0625,0,0.078125,0,0.125,0,
197,50,2,0.078125,0,0.09375,0,0.078125,0,0.078125,0,0.078125,0,0.078125,0,0.09375,0,0.078125,0,0.09375,0,0.078125,0,0.078125,0,0.0625,0,0.078125,0,0.0625,0,0.109375,0.866667,0.078125,0,0.046875,0.733333,0.109375,0.816176,0.09375,0,0.09375,0,0.109375,0.6,0.078125,0,0.09375,0,0.078125,0,0.125,0.6,0.0625,0,0.109375,0,0.078125,0,0.09375,0,0.125,0,0.0625,0,0.125,0.921895,0.09375,0,0.078125,0.133333,0.0625,0,0.078125,0,0.09375,0,0.109375,0,0.078125,0,0.0625,0,0.09375,0,0.125,0,0.078125,0.4,0.109375,0,0.078125,0,0.140625,1.2647,0.078125,0,0.09375,0,0.078125,0,0.078125,0,
198,50,2,0.078125,0,0.0625,0,0.109375,0,0.078125,0,0.078125,0,0.09375,0.733333,0.046875,0,0.078125,0,0.078125,0,0.09375,0.8,0.140625,0.6,0.078125,0,0.078125,0,0.078125,0,0.109375,0,0.0625,0,0.109375,0.733333,0.109375,0,0.09375,0,0.078125,0,0.109375,0,0.078125,0,0.078125,0,0.109375,0,0.078125,0,0.0625,0,0.09375,0,0.078125,0,0.09375,0,0.0625,0,0.09375,0,0.09375,0,0.078125,0,0.09375,0.466667,0.0625,0,0.078125,0,0.109375,0,0.078125,0,0.0625,0,0.078125,0,0.109375,0,0.078125,0,0.09375,0.866667,0.109375,0,0.078125,0.666667,0.078125,0,0.078125,0,0.078125,0,0.078125,0,0.140625,1.31993,
199,50,2,0.09375,0,0.0625,0,0.078125,0,0.078125,0,0.125,0.533333,0.0625,0,0.078125,0,0.0625,0,0.078125,0.533333,0.09375,0.8,0.078125,0,0.109375,0,0.078125,0,0.09375,0.466667,0.078125,0,0.078125,0,0.078125,0,0.09375,0.133333,0.078125,0,0.109375,0.866667,0.109375,0,0.078125,0,0.078125,0,0.0625,0,0.125,0,0.0625,0,0.09375,0.466667,0.09375,0,0.0625,0,0.046875,0,0.046875,0,0.0625,0,0.109375,0,0.09375,0,0.09375,0,0.109375,0,0.078125,0,0.078125,0,0.09375,0,0.078125,0,0.078125,0,0.0625,0,0.0625,0,0.0625,0,0.078125,0,0.09375,0,0.0625,0,0.09375,0,0.109375,0,0.078125,0,
